arrival_time,start_time,finish_time,wait_time,queue_length,arrival_hour,arrival_minute,arrival_day,arrival_month,day_name,is_weekend,service_time,total_time
2023-03-30 00:10:00,2023-03-30 00:10:00,2023-03-30 00:22:44.800000000,12.68,28,0,10,30,3,Thursday,0,12.746666666666666,12.746666666666666
2023-03-30 00:10:00,2023-03-30 00:16:00,2023-03-30 00:25:53.200000000,9.82,28,0,10,30,3,Thursday,0,9.886666666666667,15.886666666666667
2023-03-30 00:10:00,2023-03-30 00:16:00,2023-03-30 00:25:48.400000000,9.74,28,0,10,30,3,Thursday,0,9.806666666666667,15.806666666666667
2023-03-30 00:10:00,2023-03-30 00:14:00,2023-03-30 00:27:23.200000000,13.32,28,0,10,30,3,Thursday,0,13.386666666666667,17.386666666666667
2023-03-30 00:10:00,2023-03-30 00:15:00,2023-03-30 00:31:21.400000000,16.29,28,0,10,30,3,Thursday,0,16.356666666666666,21.35666666666667
2023-03-30 00:10:00,2023-03-30 00:20:00,2023-03-30 00:35:37.600000000,15.56,28,0,10,30,3,Thursday,0,15.626666666666667,25.626666666666665
2023-03-30 00:10:00,2023-03-30 00:20:00,2023-03-30 00:31:56.199999999,11.87,28,0,10,30,3,Thursday,0,11.936666666650002,21.93666666665
2023-03-30 00:10:00,2023-03-30 00:17:00,2023-03-30 00:30:07.600000000,13.06,28,0,10,30,3,Thursday,0,13.126666666666667,20.126666666666665
2023-03-30 00:10:00,2023-03-30 00:12:00,2023-03-30 00:25:37.600000000,13.56,28,0,10,30,3,Thursday,0,13.626666666666667,15.626666666666667
2023-03-30 00:10:00,2023-03-30 00:18:00,2023-03-30 00:22:31.000000000,4.45,28,0,10,30,3,Thursday,0,4.516666666666667,12.516666666666667
2023-03-30 00:10:00,2023-03-30 00:14:00,2023-03-30 00:21:20.800000000,7.28,28,0,10,30,3,Thursday,0,7.346666666666667,11.346666666666666
2023-03-30 00:10:00,2023-03-30 00:19:00,2023-03-30 00:25:33.400000000,6.49,28,0,10,30,3,Thursday,0,6.556666666666667,15.556666666666667
2023-03-30 00:10:00,2023-03-30 00:20:00,2023-03-30 00:20:24.400000000,0.34,28,0,10,30,3,Thursday,0,0.4066666666666666,10.406666666666666
2023-03-30 00:10:00,2023-03-30 00:10:00,2023-03-30 00:25:58.600000000,15.91,28,0,10,30,3,Thursday,0,15.976666666666667,15.976666666666667
2023-03-30 00:10:00,2023-03-30 00:14:00,2023-03-30 00:22:28.000000000,8.4,28,0,10,30,3,Thursday,0,8.466666666666667,12.466666666666667
2023-03-30 00:10:00,2023-03-30 00:10:00,2023-03-30 00:21:54.400000000,11.84,28,0,10,30,3,Thursday,0,11.906666666666666,11.906666666666666
2023-03-30 00:10:00,2023-03-30 00:16:00,2023-03-30 00:33:38.200000000,17.57,28,0,10,30,3,Thursday,0,17.636666666666667,23.636666666666667
2023-03-30 00:10:00,2023-03-30 00:17:00,2023-03-30 00:26:48.400000000,9.74,28,0,10,30,3,Thursday,0,9.806666666666667,16.806666666666665
2023-03-30 00:10:00,2023-03-30 00:12:00,2023-03-30 00:31:58.600000000,19.91,28,0,10,30,3,Thursday,0,19.976666666666667,21.976666666666667
2023-03-30 00:10:00,2023-03-30 00:13:00,2023-03-30 00:25:48.400000000,12.74,28,0,10,30,3,Thursday,0,12.806666666666667,15.806666666666667
2023-03-30 00:10:00,2023-03-30 00:20:00,2023-03-30 00:32:24.400000000,12.34,28,0,10,30,3,Thursday,0,12.406666666666666,22.40666666666667
2023-03-30 00:10:00,2023-03-30 00:11:00,2023-03-30 00:24:20.199999999,13.27,28,0,10,30,3,Thursday,0,13.33666666665,14.33666666665
2023-03-30 00:10:00,2023-03-30 00:17:00,2023-03-30 00:29:49.600000000,12.76,28,0,10,30,3,Thursday,0,12.826666666666666,19.826666666666664
2023-03-30 00:10:00,2023-03-30 00:19:00,2023-03-30 00:30:52.600000000,11.81,28,0,10,30,3,Thursday,0,11.876666666666667,20.876666666666665
2023-03-30 00:10:00,2023-03-30 00:11:00,2023-03-30 00:19:27.400000000,8.39,28,0,10,30,3,Thursday,0,8.456666666666667,9.456666666666667
2023-03-30 00:10:00,2023-03-30 00:17:00,2023-03-30 00:24:37.599999999,7.56,28,0,10,30,3,Thursday,0,7.626666666649999,14.626666666650001
2023-03-30 00:10:00,2023-03-30 00:18:00,2023-03-30 00:22:35.800000000,4.53,28,0,10,30,3,Thursday,0,4.596666666666667,12.596666666666666
2023-03-30 00:10:00,2023-03-30 00:11:00,2023-03-30 00:20:01.000000000,8.95,28,0,10,30,3,Thursday,0,9.016666666666667,10.016666666666667
2023-03-30 01:58:00,2023-03-30 01:58:00,2023-03-30 02:21:26.200000000,22.82,27,1,58,30,3,Thursday,0,23.436666666666667,23.436666666666667
2023-03-30 01:58:00,2023-03-30 02:04:00,2023-03-30 02:16:49.000000000,12.2,27,1,58,30,3,Thursday,0,12.816666666666666,18.816666666666666
2023-03-30 01:58:00,2023-03-30 02:00:00,2023-03-30 02:05:36.400000000,4.99,27,1,58,30,3,Thursday,0,5.6066666666666665,7.6066666666666665
2023-03-30 01:58:00,2023-03-30 01:58:00,2023-03-30 02:11:40.000000000,13.05,27,1,58,30,3,Thursday,0,13.666666666666666,13.666666666666666
2023-03-30 01:58:00,2023-03-30 02:06:00,2023-03-30 02:13:08.800000000,6.53,27,1,58,30,3,Thursday,0,7.1466666666666665,15.146666666666667
2023-03-30 01:58:00,2023-03-30 02:07:00,2023-03-30 02:20:21.400000000,12.74,27,1,58,30,3,Thursday,0,13.356666666666666,22.35666666666667
2023-03-30 01:58:00,2023-03-30 02:08:00,2023-03-30 02:17:07.000000000,8.5,27,1,58,30,3,Thursday,0,9.116666666666667,19.116666666666667
2023-03-30 01:58:00,2023-03-30 01:58:00,2023-03-30 02:07:43.000000000,9.1,27,1,58,30,3,Thursday,0,9.716666666666667,9.716666666666667
2023-03-30 01:58:00,2023-03-30 02:07:00,2023-03-30 02:11:52.600000000,4.26,27,1,58,30,3,Thursday,0,4.876666666666667,13.876666666666667
2023-03-30 01:58:00,2023-03-30 02:00:00,2023-03-30 02:07:01.000000000,6.4,27,1,58,30,3,Thursday,0,7.016666666666667,9.016666666666667
2023-03-30 01:58:00,2023-03-30 01:59:00,2023-03-30 02:00:30.400000000,0.89,27,1,58,30,3,Thursday,0,1.5066666666666668,2.506666666666667
2023-03-30 01:58:00,2023-03-30 01:58:00,2023-03-30 02:06:31.600000000,7.91,27,1,58,30,3,Thursday,0,8.526666666666667,8.526666666666667
2023-03-30 01:58:00,2023-03-30 02:06:00,2023-03-30 02:30:37.600000000,24.01,27,1,58,30,3,Thursday,0,24.626666666666665,32.626666666666665
2023-03-30 01:58:00,2023-03-30 01:58:00,2023-03-30 02:17:03.400000000,18.44,27,1,58,30,3,Thursday,0,19.05666666666667,19.05666666666667
2023-03-30 01:58:00,2023-03-30 02:02:00,2023-03-30 02:14:51.400000000,12.24,27,1,58,30,3,Thursday,0,12.856666666666666,16.856666666666666
2023-03-30 01:58:00,2023-03-30 02:08:00,2023-03-30 02:22:04.600000000,13.46,27,1,58,30,3,Thursday,0,14.076666666666666,24.076666666666664
2023-03-30 01:58:00,2023-03-30 02:01:00,2023-03-30 02:16:49.600000000,15.21,27,1,58,30,3,Thursday,0,15.826666666666666,18.826666666666664
2023-03-30 01:58:00,2023-03-30 02:06:00,2023-03-30 02:24:08.800000000,17.53,27,1,58,30,3,Thursday,0,18.146666666666665,26.146666666666665
2023-03-30 01:58:00,2023-03-30 02:01:00,2023-03-30 02:09:23.800000000,7.78,27,1,58,30,3,Thursday,0,8.396666666666667,11.396666666666667
2023-03-30 01:58:00,2023-03-30 02:05:00,2023-03-30 02:17:34.000000000,11.95,27,1,58,30,3,Thursday,0,12.566666666666666,19.566666666666666
2023-03-30 01:58:00,2023-03-30 02:08:00,2023-03-30 02:15:40.599999999,7.06,27,1,58,30,3,Thursday,0,7.676666666649999,17.67666666665
2023-03-30 01:58:00,2023-03-30 01:59:00,2023-03-30 02:07:57.400000000,8.34,27,1,58,30,3,Thursday,0,8.956666666666667,9.956666666666667
2023-03-30 01:58:00,2023-03-30 02:05:00,2023-03-30 02:09:41.800000000,4.08,27,1,58,30,3,Thursday,0,4.696666666666667,11.696666666666665
2023-03-30 01:58:00,2023-03-30 02:06:00,2023-03-30 02:19:40.600000000,13.06,27,1,58,30,3,Thursday,0,13.676666666666668,21.676666666666666
2023-03-30 01:58:00,2023-03-30 01:59:00,2023-03-30 02:13:24.400000000,13.79,27,1,58,30,3,Thursday,0,14.406666666666666,15.406666666666666
2023-03-30 01:58:00,2023-03-30 02:07:00,2023-03-30 02:16:05.200000000,8.47,27,1,58,30,3,Thursday,0,9.086666666666668,18.086666666666666
2023-03-30 01:58:00,2023-03-30 02:05:00,2023-03-30 02:20:43.599999999,15.11,27,1,58,30,3,Thursday,0,15.72666666665,22.726666666649997
2023-03-30 02:36:00,2023-03-30 02:36:00,2023-03-30 02:47:44.400000000,11.59,17,2,36,30,3,Thursday,0,11.74,11.74
2023-03-30 02:36:00,2023-03-30 02:38:00,2023-03-30 02:46:10.799999999,8.03,17,2,36,30,3,Thursday,0,8.179999999983334,10.179999999983332
2023-03-30 02:36:00,2023-03-30 02:42:00,2023-03-30 02:50:25.799999999,8.28,17,2,36,30,3,Thursday,0,8.429999999983334,14.429999999983332
2023-03-30 02:36:00,2023-03-30 02:41:00,2023-03-30 02:44:05.400000000,2.94,17,2,36,30,3,Thursday,0,3.0900000000000003,8.09
2023-03-30 02:36:00,2023-03-30 02:39:00,2023-03-30 02:46:37.800000000,7.48,17,2,36,30,3,Thursday,0,7.63,10.629999999999999
2023-03-30 02:36:00,2023-03-30 02:38:00,2023-03-30 02:43:47.400000000,5.64,17,2,36,30,3,Thursday,0,5.79,7.79
2023-03-30 02:36:00,2023-03-30 02:41:00,2023-03-30 02:48:39.000000000,7.5,17,2,36,30,3,Thursday,0,7.65,12.65
2023-03-30 02:36:00,2023-03-30 02:39:00,2023-03-30 02:57:00.599999999,17.86,17,2,36,30,3,Thursday,0,18.009999999983332,21.009999999983332
2023-03-30 02:36:00,2023-03-30 02:38:00,2023-03-30 02:44:37.200000000,6.47,17,2,36,30,3,Thursday,0,6.62,8.620000000000001
2023-03-30 02:36:00,2023-03-30 02:41:00,2023-03-30 02:42:41.400000000,1.54,17,2,36,30,3,Thursday,0,1.6900000000000002,6.6899999999999995
2023-03-30 02:36:00,2023-03-30 02:43:00,2023-03-30 02:48:47.400000000,5.64,17,2,36,30,3,Thursday,0,5.79,12.79
2023-03-30 02:36:00,2023-03-30 02:45:00,2023-03-30 02:52:37.800000000,7.48,17,2,36,30,3,Thursday,0,7.63,16.63
2023-03-30 02:36:00,2023-03-30 02:45:00,2023-03-30 03:01:06.600000000,15.96,17,2,36,30,3,Thursday,0,16.11,25.11
2023-03-30 02:36:00,2023-03-30 02:38:00,2023-03-30 02:59:18.600000000,21.16,17,2,36,30,3,Thursday,0,21.31,23.31
2023-03-30 02:36:00,2023-03-30 02:44:00,2023-03-30 02:54:02.400000000,9.89,17,2,36,30,3,Thursday,0,10.04,18.040000000000003
2023-03-30 02:36:00,2023-03-30 02:36:00,2023-03-30 02:41:40.800000000,5.53,17,2,36,30,3,Thursday,0,5.680000000000001,5.680000000000001
2023-03-30 02:36:00,2023-03-30 02:39:00,2023-03-30 02:53:52.200000000,14.72,17,2,36,30,3,Thursday,0,14.870000000000001,17.87
2023-03-30 03:02:00,2023-03-30 03:02:00,2023-03-30 03:06:43.800000000,4.48,45,3,2,30,3,Thursday,0,4.73,4.73
2023-03-30 03:02:00,2023-03-30 03:10:00,2023-03-30 03:27:51.599999999,17.61,45,3,2,30,3,Thursday,0,17.859999999983334,25.859999999983334
2023-03-30 03:02:00,2023-03-30 03:02:00,2023-03-30 03:13:09.600000000,10.91,45,3,2,30,3,Thursday,0,11.16,11.16
2023-03-30 03:02:00,2023-03-30 03:08:00,2023-03-30 03:16:45.599999999,8.51,45,3,2,30,3,Thursday,0,8.759999999983334,14.759999999983334
2023-03-30 03:02:00,2023-03-30 03:08:00,2023-03-30 03:24:37.800000000,16.38,45,3,2,30,3,Thursday,0,16.63,22.63
2023-03-30 03:02:00,2023-03-30 03:03:00,2023-03-30 03:22:00.600000000,18.76,45,3,2,30,3,Thursday,0,19.009999999999998,20.009999999999998
2023-03-30 03:02:00,2023-03-30 03:08:00,2023-03-30 03:22:54.000000000,14.65,45,3,2,30,3,Thursday,0,14.9,20.9
2023-03-30 03:02:00,2023-03-30 03:02:00,2023-03-30 03:10:07.200000000,7.87,45,3,2,30,3,Thursday,0,8.12,8.12
2023-03-30 03:02:00,2023-03-30 03:10:00,2023-03-30 03:13:55.200000000,3.67,45,3,2,30,3,Thursday,0,3.92,11.92
2023-03-30 03:02:00,2023-03-30 03:10:00,2023-03-30 03:28:37.800000000,18.38,45,3,2,30,3,Thursday,0,18.63,26.63
2023-03-30 03:02:00,2023-03-30 03:06:00,2023-03-30 03:17:31.199999999,11.27,45,3,2,30,3,Thursday,0,11.519999999983334,15.519999999983334
2023-03-30 03:02:00,2023-03-30 03:08:00,2023-03-30 03:25:52.800000000,17.63,45,3,2,30,3,Thursday,0,17.88,23.88
2023-03-30 03:02:00,2023-03-30 03:02:00,2023-03-30 03:16:33.000000000,14.3,45,3,2,30,3,Thursday,0,14.55,14.55
2023-03-30 03:02:00,2023-03-30 03:09:00,2023-03-30 03:30:25.200000000,21.17,45,3,2,30,3,Thursday,0,21.42,28.42
2023-03-30 03:02:00,2023-03-30 03:07:00,2023-03-30 03:17:52.199999999,10.62,45,3,2,30,3,Thursday,0,10.869999999983333,15.869999999983333
2023-03-30 03:02:00,2023-03-30 03:04:00,2023-03-30 03:06:34.200000000,2.32,45,3,2,30,3,Thursday,0,2.57,4.569999999999999
2023-03-30 03:02:00,2023-03-30 03:12:00,2023-03-30 03:15:01.799999999,2.78,45,3,2,30,3,Thursday,0,3.029999999983333,13.029999999983334
2023-03-30 03:02:00,2023-03-30 03:12:00,2023-03-30 03:16:40.200000000,4.42,45,3,2,30,3,Thursday,0,4.67,14.67
2023-03-30 03:02:00,2023-03-30 03:07:00,2023-03-30 03:22:12.000000000,14.95,45,3,2,30,3,Thursday,0,15.2,20.2
2023-03-30 03:02:00,2023-03-30 03:12:00,2023-03-30 03:12:39.000000000,0.4,45,3,2,30,3,Thursday,0,0.65,10.65
2023-03-30 03:02:00,2023-03-30 03:05:00,2023-03-30 03:08:32.400000000,3.29,45,3,2,30,3,Thursday,0,3.54,6.54
2023-03-30 03:02:00,2023-03-30 03:03:00,2023-03-30 03:06:45.600000000,3.51,45,3,2,30,3,Thursday,0,3.76,4.760000000000001
2023-03-30 03:02:00,2023-03-30 03:03:00,2023-03-30 03:05:03.000000000,1.8,45,3,2,30,3,Thursday,0,2.05,3.05
2023-03-30 03:02:00,2023-03-30 03:03:00,2023-03-30 03:13:21.599999999,10.11,45,3,2,30,3,Thursday,0,10.359999999983334,11.359999999983334
2023-03-30 03:02:00,2023-03-30 03:02:00,2023-03-30 03:19:08.999999999,16.9,45,3,2,30,3,Thursday,0,17.149999999983333,17.149999999983333
2023-03-30 03:02:00,2023-03-30 03:11:00,2023-03-30 03:25:03.600000000,13.81,45,3,2,30,3,Thursday,0,14.06,23.06
2023-03-30 03:02:00,2023-03-30 03:04:00,2023-03-30 03:11:01.200000000,6.77,45,3,2,30,3,Thursday,0,7.02,9.020000000000001
2023-03-30 03:02:00,2023-03-30 03:11:00,2023-03-30 03:20:06.000000000,8.85,45,3,2,30,3,Thursday,0,9.1,18.1
2023-03-30 03:02:00,2023-03-30 03:03:00,2023-03-30 03:00:29.400000000,-2.76,45,3,2,30,3,Thursday,0,-2.51,-1.51
2023-03-30 03:02:00,2023-03-30 03:10:00,2023-03-30 03:19:58.800000000,9.73,45,3,2,30,3,Thursday,0,9.979999999999999,17.98
2023-03-30 03:02:00,2023-03-30 03:05:00,2023-03-30 03:10:53.400000000,5.64,45,3,2,30,3,Thursday,0,5.89,8.889999999999999
2023-03-30 03:02:00,2023-03-30 03:02:00,2023-03-30 03:14:32.400000000,12.29,45,3,2,30,3,Thursday,0,12.54,12.54
2023-03-30 03:02:00,2023-03-30 03:04:00,2023-03-30 03:16:40.800000000,12.43,45,3,2,30,3,Thursday,0,12.68,14.68
2023-03-30 03:02:00,2023-03-30 03:05:00,2023-03-30 03:17:49.800000000,12.58,45,3,2,30,3,Thursday,0,12.83,15.83
2023-03-30 03:02:00,2023-03-30 03:02:00,2023-03-30 03:13:52.800000000,11.63,45,3,2,30,3,Thursday,0,11.879999999999999,11.879999999999999
2023-03-30 03:02:00,2023-03-30 03:12:00,2023-03-30 03:19:13.800000000,6.98,45,3,2,30,3,Thursday,0,7.23,17.23
2023-03-30 03:02:00,2023-03-30 03:02:00,2023-03-30 03:05:32.400000000,3.29,45,3,2,30,3,Thursday,0,3.54,3.54
2023-03-30 03:02:00,2023-03-30 03:11:00,2023-03-30 03:24:03.000000000,12.8,45,3,2,30,3,Thursday,0,13.05,22.05
2023-03-30 03:02:00,2023-03-30 03:05:00,2023-03-30 03:10:12.000000000,4.95,45,3,2,30,3,Thursday,0,5.2,8.2
2023-03-30 03:02:00,2023-03-30 03:09:00,2023-03-30 03:18:42.600000000,9.46,45,3,2,30,3,Thursday,0,9.71,16.71
2023-03-30 03:02:00,2023-03-30 03:03:00,2023-03-30 03:13:15.000000000,10.0,45,3,2,30,3,Thursday,0,10.25,11.25
2023-03-30 03:02:00,2023-03-30 03:02:00,2023-03-30 03:20:34.200000000,18.32,45,3,2,30,3,Thursday,0,18.57,18.57
2023-03-30 03:02:00,2023-03-30 03:02:00,2023-03-30 03:14:18.600000000,12.06,45,3,2,30,3,Thursday,0,12.31,12.31
2023-03-30 03:02:00,2023-03-30 03:02:00,2023-03-30 03:13:24.600000000,11.16,45,3,2,30,3,Thursday,0,11.41,11.41
2023-03-30 03:02:00,2023-03-30 03:03:00,2023-03-30 03:10:53.400000000,7.64,45,3,2,30,3,Thursday,0,7.89,8.889999999999999
2023-03-30 04:45:00,2023-03-30 04:45:00,2023-03-30 04:53:34.799999999,8.53,3,4,45,30,3,Thursday,0,8.579999999983333,8.579999999983333
2023-03-30 04:45:00,2023-03-30 04:46:00,2023-03-30 04:58:27.600000000,12.41,3,4,45,30,3,Thursday,0,12.46,13.46
2023-03-30 04:45:00,2023-03-30 04:47:00,2023-03-30 04:59:08.400000000,12.09,3,4,45,30,3,Thursday,0,12.139999999999999,14.139999999999999
2023-03-30 05:34:00,2023-03-30 05:34:00,2023-03-30 05:37:11.400000000,2.89,50,5,34,30,3,Thursday,0,3.19,3.19
2023-03-30 05:34:00,2023-03-30 05:38:00,2023-03-30 05:46:16.800000000,7.98,50,5,34,30,3,Thursday,0,8.28,12.28
2023-03-30 05:34:00,2023-03-30 05:35:00,2023-03-30 05:47:33.000000000,12.25,50,5,34,30,3,Thursday,0,12.55,13.55
2023-03-30 05:34:00,2023-03-30 05:40:00,2023-03-30 05:49:10.800000000,8.88,50,5,34,30,3,Thursday,0,9.18,15.18
2023-03-30 05:34:00,2023-03-30 05:41:00,2023-03-30 05:52:10.800000000,10.88,50,5,34,30,3,Thursday,0,11.18,18.18
2023-03-30 05:34:00,2023-03-30 05:39:00,2023-03-30 05:46:27.600000000,7.16,50,5,34,30,3,Thursday,0,7.46,12.46
2023-03-30 05:34:00,2023-03-30 05:35:00,2023-03-30 05:37:37.200000000,2.32,50,5,34,30,3,Thursday,0,2.6199999999999997,3.6199999999999997
2023-03-30 05:34:00,2023-03-30 05:42:00,2023-03-30 05:56:09.599999999,13.86,50,5,34,30,3,Thursday,0,14.159999999983334,22.15999999998333
2023-03-30 05:34:00,2023-03-30 05:39:00,2023-03-30 05:43:20.400000000,4.04,50,5,34,30,3,Thursday,0,4.34,9.34
2023-03-30 05:34:00,2023-03-30 05:39:00,2023-03-30 05:43:21.599999999,4.06,50,5,34,30,3,Thursday,0,4.359999999983333,9.359999999983334
2023-03-30 05:34:00,2023-03-30 05:41:00,2023-03-30 06:02:58.800000000,21.68,50,5,34,30,3,Thursday,0,21.98,28.98
2023-03-30 05:34:00,2023-03-30 05:44:00,2023-03-30 05:54:24.000000000,10.1,50,5,34,30,3,Thursday,0,10.4,20.4
2023-03-30 05:34:00,2023-03-30 05:38:00,2023-03-30 05:51:33.600000000,13.26,50,5,34,30,3,Thursday,0,13.56,17.56
2023-03-30 05:34:00,2023-03-30 05:36:00,2023-03-30 05:51:19.800000000,15.03,50,5,34,30,3,Thursday,0,15.33,17.33
2023-03-30 05:34:00,2023-03-30 05:42:00,2023-03-30 05:53:54.000000000,11.6,50,5,34,30,3,Thursday,0,11.9,19.9
2023-03-30 05:34:00,2023-03-30 05:37:00,2023-03-30 05:38:31.200000000,1.22,50,5,34,30,3,Thursday,0,1.52,4.52
2023-03-30 05:34:00,2023-03-30 05:40:00,2023-03-30 05:49:12.000000000,8.9,50,5,34,30,3,Thursday,0,9.2,15.2
2023-03-30 05:34:00,2023-03-30 05:42:00,2023-03-30 05:47:35.400000000,5.29,50,5,34,30,3,Thursday,0,5.59,13.59
2023-03-30 05:34:00,2023-03-30 05:44:00,2023-03-30 05:55:49.800000000,11.53,50,5,34,30,3,Thursday,0,11.83,21.83
2023-03-30 05:34:00,2023-03-30 05:38:00,2023-03-30 05:50:42.000000000,12.4,50,5,34,30,3,Thursday,0,12.7,16.7
2023-03-30 05:34:00,2023-03-30 05:37:00,2023-03-30 05:46:46.800000000,9.48,50,5,34,30,3,Thursday,0,9.78,12.78
2023-03-30 05:34:00,2023-03-30 05:40:00,2023-03-30 05:48:33.599999999,8.26,50,5,34,30,3,Thursday,0,8.559999999983335,14.559999999983335
2023-03-30 05:34:00,2023-03-30 05:37:00,2023-03-30 05:38:38.400000000,1.34,50,5,34,30,3,Thursday,0,1.6400000000000001,4.64
2023-03-30 05:34:00,2023-03-30 05:36:00,2023-03-30 05:43:54.000000000,7.6,50,5,34,30,3,Thursday,0,7.9,9.9
2023-03-30 05:34:00,2023-03-30 05:43:00,2023-03-30 05:51:55.800000000,8.63,50,5,34,30,3,Thursday,0,8.93,17.93
2023-03-30 05:34:00,2023-03-30 05:34:00,2023-03-30 05:49:05.400000000,14.79,50,5,34,30,3,Thursday,0,15.09,15.09
2023-03-30 05:34:00,2023-03-30 05:35:00,2023-03-30 05:42:39.600000000,7.36,50,5,34,30,3,Thursday,0,7.66,8.66
2023-03-30 05:34:00,2023-03-30 05:39:00,2023-03-30 05:57:41.400000000,18.39,50,5,34,30,3,Thursday,0,18.69,23.69
2023-03-30 05:34:00,2023-03-30 05:41:00,2023-03-30 05:53:32.400000000,12.24,50,5,34,30,3,Thursday,0,12.54,19.540000000000003
2023-03-30 05:34:00,2023-03-30 05:41:00,2023-03-30 05:55:29.400000000,14.19,50,5,34,30,3,Thursday,0,14.49,21.490000000000002
2023-03-30 05:34:00,2023-03-30 05:40:00,2023-03-30 05:54:07.800000000,13.83,50,5,34,30,3,Thursday,0,14.129999999999999,20.13
2023-03-30 05:34:00,2023-03-30 05:39:00,2023-03-30 05:51:18.000000000,12.0,50,5,34,30,3,Thursday,0,12.3,17.3
2023-03-30 05:34:00,2023-03-30 05:34:00,2023-03-30 05:46:29.400000000,12.19,50,5,34,30,3,Thursday,0,12.49,12.49
2023-03-30 05:34:00,2023-03-30 05:37:00,2023-03-30 05:43:57.600000000,6.66,50,5,34,30,3,Thursday,0,6.96,9.96
2023-03-30 05:34:00,2023-03-30 05:41:00,2023-03-30 05:50:16.800000000,8.98,50,5,34,30,3,Thursday,0,9.28,16.279999999999998
2023-03-30 05:34:00,2023-03-30 05:42:00,2023-03-30 05:42:01.800000000,-0.27,50,5,34,30,3,Thursday,0,0.030000000000000002,8.03
2023-03-30 05:34:00,2023-03-30 05:38:00,2023-03-30 05:48:39.599999999,10.36,50,5,34,30,3,Thursday,0,10.659999999983334,14.659999999983334
2023-03-30 05:34:00,2023-03-30 05:37:00,2023-03-30 05:51:26.400000000,14.14,50,5,34,30,3,Thursday,0,14.44,17.44
2023-03-30 05:34:00,2023-03-30 05:34:00,2023-03-30 05:47:49.800000000,13.53,50,5,34,30,3,Thursday,0,13.83,13.83
2023-03-30 05:34:00,2023-03-30 05:35:00,2023-03-30 05:42:15.600000000,6.96,50,5,34,30,3,Thursday,0,7.260000000000001,8.26
2023-03-30 05:34:00,2023-03-30 05:43:00,2023-03-30 05:50:57.000000000,7.65,50,5,34,30,3,Thursday,0,7.95,16.95
2023-03-30 05:34:00,2023-03-30 05:37:00,2023-03-30 05:43:01.200000000,5.72,50,5,34,30,3,Thursday,0,6.02,9.020000000000001
2023-03-30 05:34:00,2023-03-30 05:37:00,2023-03-30 05:46:03.000000000,8.75,50,5,34,30,3,Thursday,0,9.05,12.05
2023-03-30 05:34:00,2023-03-30 05:37:00,2023-03-30 05:48:51.000000000,11.55,50,5,34,30,3,Thursday,0,11.85,14.85
2023-03-30 05:34:00,2023-03-30 05:36:00,2023-03-30 05:42:33.000000000,6.25,50,5,34,30,3,Thursday,0,6.55,8.55
2023-03-30 05:34:00,2023-03-30 05:39:00,2023-03-30 05:46:53.400000000,7.59,50,5,34,30,3,Thursday,0,7.89,12.889999999999999
2023-03-30 05:34:00,2023-03-30 05:44:00,2023-03-30 05:59:41.400000000,15.39,50,5,34,30,3,Thursday,0,15.69,25.69
2023-03-30 05:34:00,2023-03-30 05:35:00,2023-03-30 05:41:54.000000000,6.6,50,5,34,30,3,Thursday,0,6.9,7.9
2023-03-30 05:34:00,2023-03-30 05:35:00,2023-03-30 05:44:57.600000000,9.66,50,5,34,30,3,Thursday,0,9.96,10.96
2023-03-30 05:34:00,2023-03-30 05:34:00,2023-03-30 05:49:43.800000000,15.43,50,5,34,30,3,Thursday,0,15.729999999999999,15.729999999999999
2023-03-30 06:51:00,2023-03-30 06:51:00,2023-03-30 07:04:35.800000000,12.93,24,6,51,30,3,Thursday,0,13.596666666666666,13.596666666666666
2023-03-30 06:51:00,2023-03-30 07:00:00,2023-03-30 07:07:31.000000000,6.85,24,6,51,30,3,Thursday,0,7.516666666666667,16.516666666666666
2023-03-30 06:51:00,2023-03-30 06:51:00,2023-03-30 06:54:59.800000000,3.33,24,6,51,30,3,Thursday,0,3.996666666666667,3.996666666666667
2023-03-30 06:51:00,2023-03-30 06:59:00,2023-03-30 07:09:05.800000000,9.43,24,6,51,30,3,Thursday,0,10.096666666666666,18.096666666666668
2023-03-30 06:51:00,2023-03-30 07:01:00,2023-03-30 07:16:01.599999999,14.36,24,6,51,30,3,Thursday,0,15.02666666665,25.026666666649998
2023-03-30 06:51:00,2023-03-30 06:53:00,2023-03-30 07:02:49.600000000,9.16,24,6,51,30,3,Thursday,0,9.826666666666666,11.826666666666666
2023-03-30 06:51:00,2023-03-30 06:52:00,2023-03-30 06:59:44.200000000,7.07,24,6,51,30,3,Thursday,0,7.736666666666666,8.736666666666668
2023-03-30 06:51:00,2023-03-30 06:58:00,2023-03-30 07:25:38.800000000,26.98,24,6,51,30,3,Thursday,0,27.646666666666665,34.64666666666667
2023-03-30 06:51:00,2023-03-30 06:57:00,2023-03-30 07:15:21.400000000,17.69,24,6,51,30,3,Thursday,0,18.35666666666667,24.35666666666667
2023-03-30 06:51:00,2023-03-30 06:56:00,2023-03-30 07:04:50.200000000,8.17,24,6,51,30,3,Thursday,0,8.836666666666668,13.836666666666668
2023-03-30 06:51:00,2023-03-30 06:52:00,2023-03-30 07:05:47.199999999,13.12,24,6,51,30,3,Thursday,0,13.786666666650001,14.786666666650001
2023-03-30 06:51:00,2023-03-30 06:51:00,2023-03-30 06:55:07.000000000,3.45,24,6,51,30,3,Thursday,0,4.116666666666666,4.116666666666666
2023-03-30 06:51:00,2023-03-30 06:55:00,2023-03-30 07:07:08.800000000,11.48,24,6,51,30,3,Thursday,0,12.146666666666667,16.146666666666665
2023-03-30 06:51:00,2023-03-30 06:59:00,2023-03-30 06:59:13.600000000,-0.44,24,6,51,30,3,Thursday,0,0.22666666666666666,8.226666666666667
2023-03-30 06:51:00,2023-03-30 06:57:00,2023-03-30 07:10:26.199999999,12.77,24,6,51,30,3,Thursday,0,13.436666666650002,19.43666666665
2023-03-30 06:51:00,2023-03-30 06:52:00,2023-03-30 07:02:08.800000000,9.48,24,6,51,30,3,Thursday,0,10.146666666666667,11.146666666666667
2023-03-30 06:51:00,2023-03-30 06:51:00,2023-03-30 07:10:19.000000000,18.65,24,6,51,30,3,Thursday,0,19.316666666666666,19.316666666666666
2023-03-30 06:51:00,2023-03-30 06:53:00,2023-03-30 07:06:17.199999999,12.62,24,6,51,30,3,Thursday,0,13.286666666650001,15.286666666650001
2023-03-30 06:51:00,2023-03-30 06:51:00,2023-03-30 07:04:53.800000000,13.23,24,6,51,30,3,Thursday,0,13.896666666666667,13.896666666666667
2023-03-30 06:51:00,2023-03-30 06:54:00,2023-03-30 07:06:58.000000000,12.3,24,6,51,30,3,Thursday,0,12.966666666666667,15.966666666666667
2023-03-30 06:51:00,2023-03-30 07:01:00,2023-03-30 07:06:16.000000000,4.6,24,6,51,30,3,Thursday,0,5.266666666666667,15.266666666666667
2023-03-30 06:51:00,2023-03-30 06:55:00,2023-03-30 06:54:34.600000000,-1.09,24,6,51,30,3,Thursday,0,-0.4233333333333333,3.5766666666666667
2023-03-30 06:51:00,2023-03-30 07:00:00,2023-03-30 07:08:17.800000000,7.63,24,6,51,30,3,Thursday,0,8.296666666666667,17.296666666666667
2023-03-30 06:51:00,2023-03-30 06:53:00,2023-03-30 07:04:30.400000000,10.84,24,6,51,30,3,Thursday,0,11.506666666666666,13.506666666666666
2023-03-30 07:14:00,2023-03-30 07:14:00,2023-03-30 07:22:55.400000000,8.59,3,7,14,30,3,Thursday,0,8.923333333333334,8.923333333333334
2023-03-30 07:14:00,2023-03-30 07:24:00,2023-03-30 07:37:00.200000000,12.67,3,7,14,30,3,Thursday,0,13.003333333333334,23.003333333333334
2023-03-30 07:14:00,2023-03-30 07:16:00,2023-03-30 07:21:24.800000000,5.08,3,7,14,30,3,Thursday,0,5.413333333333333,7.413333333333333
2023-03-30 08:42:00,2023-03-30 08:42:00,2023-03-30 08:46:29.000000000,3.7,47,8,42,30,3,Thursday,0,4.483333333333333,4.483333333333333
2023-03-30 08:42:00,2023-03-30 08:43:00,2023-03-30 08:47:57.799999999,4.18,47,8,42,30,3,Thursday,0,4.963333333316667,5.963333333316667
2023-03-30 08:42:00,2023-03-30 08:42:00,2023-03-30 08:42:24.200000000,-0.38,47,8,42,30,3,Thursday,0,0.4033333333333333,0.4033333333333333
2023-03-30 08:42:00,2023-03-30 08:45:00,2023-03-30 08:52:08.000000000,6.35,47,8,42,30,3,Thursday,0,7.133333333333334,10.133333333333333
2023-03-30 08:42:00,2023-03-30 08:45:00,2023-03-30 08:54:27.200000000,8.67,47,8,42,30,3,Thursday,0,9.453333333333335,12.453333333333335
2023-03-30 08:42:00,2023-03-30 08:50:00,2023-03-30 09:03:23.599999999,12.61,47,8,42,30,3,Thursday,0,13.393333333316667,21.393333333316665
2023-03-30 08:42:00,2023-03-30 08:50:00,2023-03-30 09:00:28.400000000,9.69,47,8,42,30,3,Thursday,0,10.473333333333333,18.473333333333336
2023-03-30 08:42:00,2023-03-30 08:42:00,2023-03-30 08:49:24.800000000,6.63,47,8,42,30,3,Thursday,0,7.413333333333333,7.413333333333333
2023-03-30 08:42:00,2023-03-30 08:50:00,2023-03-30 09:04:26.000000000,13.65,47,8,42,30,3,Thursday,0,14.433333333333334,22.433333333333334
2023-03-30 08:42:00,2023-03-30 08:42:00,2023-03-30 08:52:03.800000000,9.28,47,8,42,30,3,Thursday,0,10.063333333333333,10.063333333333333
2023-03-30 08:42:00,2023-03-30 08:48:00,2023-03-30 09:03:36.800000000,14.83,47,8,42,30,3,Thursday,0,15.613333333333333,21.613333333333333
2023-03-30 08:42:00,2023-03-30 08:49:00,2023-03-30 08:56:06.200000000,6.32,47,8,42,30,3,Thursday,0,7.1033333333333335,14.103333333333333
2023-03-30 08:42:00,2023-03-30 08:47:00,2023-03-30 08:58:27.800000000,10.68,47,8,42,30,3,Thursday,0,11.463333333333333,16.46333333333333
2023-03-30 08:42:00,2023-03-30 08:50:00,2023-03-30 08:59:22.400000000,8.59,47,8,42,30,3,Thursday,0,9.373333333333333,17.373333333333335
2023-03-30 08:42:00,2023-03-30 08:48:00,2023-03-30 09:00:05.000000000,11.3,47,8,42,30,3,Thursday,0,12.083333333333334,18.083333333333332
2023-03-30 08:42:00,2023-03-30 08:43:00,2023-03-30 09:00:47.600000000,17.01,47,8,42,30,3,Thursday,0,17.793333333333333,18.793333333333333
2023-03-30 08:42:00,2023-03-30 08:51:00,2023-03-30 09:05:08.599999999,13.36,47,8,42,30,3,Thursday,0,14.143333333316667,23.143333333316665
2023-03-30 08:42:00,2023-03-30 08:44:00,2023-03-30 08:46:10.399999999,1.39,47,8,42,30,3,Thursday,0,2.1733333333166667,4.173333333316666
2023-03-30 08:42:00,2023-03-30 08:42:00,2023-03-30 08:49:26.000000000,6.65,47,8,42,30,3,Thursday,0,7.433333333333334,7.433333333333334
2023-03-30 08:42:00,2023-03-30 08:51:00,2023-03-30 09:04:55.400000000,13.14,47,8,42,30,3,Thursday,0,13.923333333333334,22.923333333333336
2023-03-30 08:42:00,2023-03-30 08:45:00,2023-03-30 08:55:02.000000000,9.25,47,8,42,30,3,Thursday,0,10.033333333333333,13.033333333333333
2023-03-30 08:42:00,2023-03-30 08:50:00,2023-03-30 08:56:25.400000000,5.64,47,8,42,30,3,Thursday,0,6.423333333333333,14.423333333333334
2023-03-30 08:42:00,2023-03-30 08:46:00,2023-03-30 09:01:08.000000000,14.35,47,8,42,30,3,Thursday,0,15.133333333333333,19.133333333333333
2023-03-30 08:42:00,2023-03-30 08:44:00,2023-03-30 08:56:34.400000000,11.79,47,8,42,30,3,Thursday,0,12.573333333333332,14.573333333333332
2023-03-30 08:42:00,2023-03-30 08:46:00,2023-03-30 08:58:37.400000000,11.84,47,8,42,30,3,Thursday,0,12.623333333333333,16.62333333333333
2023-03-30 08:42:00,2023-03-30 08:46:00,2023-03-30 08:47:54.800000000,1.13,47,8,42,30,3,Thursday,0,1.9133333333333333,5.913333333333333
2023-03-30 08:42:00,2023-03-30 08:46:00,2023-03-30 08:52:48.200000000,6.02,47,8,42,30,3,Thursday,0,6.803333333333333,10.803333333333335
2023-03-30 08:42:00,2023-03-30 08:49:00,2023-03-30 08:49:32.000000000,-0.25,47,8,42,30,3,Thursday,0,0.5333333333333333,7.533333333333333
2023-03-30 08:42:00,2023-03-30 08:44:00,2023-03-30 08:55:47.000000000,11.0,47,8,42,30,3,Thursday,0,11.783333333333333,13.783333333333333
2023-03-30 08:42:00,2023-03-30 08:49:00,2023-03-30 08:56:23.600000000,6.61,47,8,42,30,3,Thursday,0,7.3933333333333335,14.393333333333334
2023-03-30 08:42:00,2023-03-30 08:49:00,2023-03-30 09:06:46.399999999,16.99,47,8,42,30,3,Thursday,0,17.773333333316668,24.773333333316668
2023-03-30 08:42:00,2023-03-30 08:46:00,2023-03-30 08:48:51.199999999,2.07,47,8,42,30,3,Thursday,0,2.853333333316667,6.853333333316667
2023-03-30 08:42:00,2023-03-30 08:44:00,2023-03-30 09:03:32.000000000,18.75,47,8,42,30,3,Thursday,0,19.533333333333335,21.533333333333335
2023-03-30 08:42:00,2023-03-30 08:51:00,2023-03-30 09:07:50.000000000,16.05,47,8,42,30,3,Thursday,0,16.833333333333332,25.833333333333332
2023-03-30 08:42:00,2023-03-30 08:44:00,2023-03-30 08:54:27.200000000,9.67,47,8,42,30,3,Thursday,0,10.453333333333335,12.453333333333335
2023-03-30 08:42:00,2023-03-30 08:46:00,2023-03-30 08:59:45.800000000,12.98,47,8,42,30,3,Thursday,0,13.763333333333332,17.763333333333332
2023-03-30 08:42:00,2023-03-30 08:43:00,2023-03-30 08:59:27.800000000,15.68,47,8,42,30,3,Thursday,0,16.46333333333333,17.46333333333333
2023-03-30 08:42:00,2023-03-30 08:47:00,2023-03-30 09:00:23.000000000,12.6,47,8,42,30,3,Thursday,0,13.383333333333333,18.383333333333333
2023-03-30 08:42:00,2023-03-30 08:52:00,2023-03-30 09:04:59.000000000,12.2,47,8,42,30,3,Thursday,0,12.983333333333333,22.983333333333334
2023-03-30 08:42:00,2023-03-30 08:48:00,2023-03-30 08:52:24.200000000,3.62,47,8,42,30,3,Thursday,0,4.403333333333333,10.403333333333334
2023-03-30 08:42:00,2023-03-30 08:44:00,2023-03-30 08:53:34.400000000,8.79,47,8,42,30,3,Thursday,0,9.573333333333332,11.573333333333332
2023-03-30 08:42:00,2023-03-30 08:46:00,2023-03-30 08:52:12.799999999,5.43,47,8,42,30,3,Thursday,0,6.213333333316667,10.213333333316665
2023-03-30 08:42:00,2023-03-30 08:42:00,2023-03-30 09:01:57.800000000,19.18,47,8,42,30,3,Thursday,0,19.96333333333333,19.96333333333333
2023-03-30 08:42:00,2023-03-30 08:49:00,2023-03-30 09:06:03.800000000,16.28,47,8,42,30,3,Thursday,0,17.063333333333333,24.063333333333333
2023-03-30 08:42:00,2023-03-30 08:48:00,2023-03-30 08:59:35.000000000,10.8,47,8,42,30,3,Thursday,0,11.583333333333334,17.583333333333332
2023-03-30 08:42:00,2023-03-30 08:49:00,2023-03-30 09:01:44.000000000,11.95,47,8,42,30,3,Thursday,0,12.733333333333333,19.733333333333334
2023-03-30 08:42:00,2023-03-30 08:48:00,2023-03-30 08:46:56.600000000,-1.84,47,8,42,30,3,Thursday,0,-1.0566666666666666,4.943333333333333
2023-03-30 09:49:00,2023-03-30 09:49:00,2023-03-30 09:58:34.000000000,9.5,10,9,49,30,3,Thursday,0,9.566666666666666,9.566666666666666
2023-03-30 09:49:00,2023-03-30 09:49:00,2023-03-30 09:57:23.800000000,8.33,10,9,49,30,3,Thursday,0,8.396666666666667,8.396666666666667
2023-03-30 09:49:00,2023-03-30 09:50:00,2023-03-30 09:52:20.799999999,2.28,10,9,49,30,3,Thursday,0,2.34666666665,3.34666666665
2023-03-30 09:49:00,2023-03-30 09:50:00,2023-03-30 09:56:55.000000000,6.85,10,9,49,30,3,Thursday,0,6.916666666666667,7.916666666666667
2023-03-30 09:49:00,2023-03-30 09:58:00,2023-03-30 10:05:26.800000000,7.38,10,9,49,30,3,Thursday,0,7.446666666666667,16.446666666666665
2023-03-30 09:49:00,2023-03-30 09:50:00,2023-03-30 10:02:41.800000000,12.63,10,9,49,30,3,Thursday,0,12.696666666666665,13.696666666666665
2023-03-30 09:49:00,2023-03-30 09:58:00,2023-03-30 10:12:02.800000000,13.98,10,9,49,30,3,Thursday,0,14.046666666666665,23.046666666666667
2023-03-30 09:49:00,2023-03-30 09:52:00,2023-03-30 10:04:28.000000000,12.4,10,9,49,30,3,Thursday,0,12.466666666666667,15.466666666666667
2023-03-30 09:49:00,2023-03-30 09:57:00,2023-03-30 10:08:35.199999999,11.52,10,9,49,30,3,Thursday,0,11.58666666665,19.58666666665
2023-03-30 09:49:00,2023-03-30 09:59:00,2023-03-30 10:13:34.600000000,14.51,10,9,49,30,3,Thursday,0,14.576666666666666,24.576666666666664
2023-03-30 10:31:00,2023-03-30 10:31:00,2023-03-30 10:44:31.400000000,13.14,32,10,31,30,3,Thursday,0,13.523333333333333,13.523333333333333
2023-03-30 10:31:00,2023-03-30 10:35:00,2023-03-30 10:40:59.000000000,5.6,32,10,31,30,3,Thursday,0,5.983333333333333,9.983333333333333
2023-03-30 10:31:00,2023-03-30 10:37:00,2023-03-30 10:48:41.000000000,11.3,32,10,31,30,3,Thursday,0,11.683333333333334,17.683333333333334
2023-03-30 10:31:00,2023-03-30 10:33:00,2023-03-30 10:44:06.200000000,10.72,32,10,31,30,3,Thursday,0,11.103333333333333,13.103333333333333
2023-03-30 10:31:00,2023-03-30 10:31:00,2023-03-30 10:36:47.600000000,5.41,32,10,31,30,3,Thursday,0,5.793333333333334,5.793333333333334
2023-03-30 10:31:00,2023-03-30 10:31:00,2023-03-30 10:45:21.800000000,13.98,32,10,31,30,3,Thursday,0,14.363333333333333,14.363333333333333
2023-03-30 10:31:00,2023-03-30 10:34:00,2023-03-30 10:45:29.000000000,11.1,32,10,31,30,3,Thursday,0,11.483333333333333,14.483333333333333
2023-03-30 10:31:00,2023-03-30 10:41:00,2023-03-30 10:51:06.800000000,9.73,32,10,31,30,3,Thursday,0,10.113333333333333,20.113333333333333
2023-03-30 10:31:00,2023-03-30 10:38:00,2023-03-30 10:47:33.200000000,9.17,32,10,31,30,3,Thursday,0,9.553333333333335,16.553333333333335
2023-03-30 10:31:00,2023-03-30 10:32:00,2023-03-30 10:39:00.200000000,6.62,32,10,31,30,3,Thursday,0,7.003333333333333,8.003333333333334
2023-03-30 10:31:00,2023-03-30 10:38:00,2023-03-30 10:47:40.400000000,9.29,32,10,31,30,3,Thursday,0,9.673333333333334,16.673333333333332
2023-03-30 10:31:00,2023-03-30 10:37:00,2023-03-30 10:39:12.200000000,1.82,32,10,31,30,3,Thursday,0,2.203333333333333,8.203333333333333
2023-03-30 10:31:00,2023-03-30 10:41:00,2023-03-30 10:47:42.800000000,6.33,32,10,31,30,3,Thursday,0,6.713333333333334,16.71333333333333
2023-03-30 10:31:00,2023-03-30 10:34:00,2023-03-30 10:46:30.199999999,12.12,32,10,31,30,3,Thursday,0,12.503333333316668,15.503333333316668
2023-03-30 10:31:00,2023-03-30 10:31:00,2023-03-30 10:37:44.000000000,6.35,32,10,31,30,3,Thursday,0,6.733333333333333,6.733333333333333
2023-03-30 10:31:00,2023-03-30 10:35:00,2023-03-30 10:44:29.599999999,9.11,32,10,31,30,3,Thursday,0,9.493333333316667,13.493333333316667
2023-03-30 10:31:00,2023-03-30 10:41:00,2023-03-30 10:53:36.200000000,12.22,32,10,31,30,3,Thursday,0,12.603333333333333,22.603333333333335
2023-03-30 10:31:00,2023-03-30 10:33:00,2023-03-30 10:44:02.000000000,10.65,32,10,31,30,3,Thursday,0,11.033333333333333,13.033333333333333
2023-03-30 10:31:00,2023-03-30 10:33:00,2023-03-30 10:44:15.800000000,10.88,32,10,31,30,3,Thursday,0,11.263333333333332,13.263333333333332
2023-03-30 10:31:00,2023-03-30 10:39:00,2023-03-30 10:54:21.200000000,14.97,32,10,31,30,3,Thursday,0,15.353333333333333,23.353333333333335
2023-03-30 10:31:00,2023-03-30 10:37:00,2023-03-30 10:51:24.199999999,14.02,32,10,31,30,3,Thursday,0,14.403333333316668,20.403333333316667
2023-03-30 10:31:00,2023-03-30 10:35:00,2023-03-30 10:41:16.400000000,5.89,32,10,31,30,3,Thursday,0,6.2733333333333325,10.273333333333333
2023-03-30 10:31:00,2023-03-30 10:32:00,2023-03-30 10:40:09.200000000,7.77,32,10,31,30,3,Thursday,0,8.153333333333332,9.153333333333334
2023-03-30 10:31:00,2023-03-30 10:34:00,2023-03-30 10:53:14.600000000,18.86,32,10,31,30,3,Thursday,0,19.243333333333332,22.243333333333332
2023-03-30 10:31:00,2023-03-30 10:32:00,2023-03-30 10:38:25.400000000,6.04,32,10,31,30,3,Thursday,0,6.423333333333333,7.423333333333333
2023-03-30 10:31:00,2023-03-30 10:36:00,2023-03-30 10:38:43.399999999,2.34,32,10,31,30,3,Thursday,0,2.7233333333166665,7.723333333316666
2023-03-30 10:31:00,2023-03-30 10:31:00,2023-03-30 10:43:58.400000000,12.59,32,10,31,30,3,Thursday,0,12.973333333333333,12.973333333333333
2023-03-30 10:31:00,2023-03-30 10:40:00,2023-03-30 10:50:53.000000000,10.5,32,10,31,30,3,Thursday,0,10.883333333333333,19.883333333333333
2023-03-30 10:31:00,2023-03-30 10:35:00,2023-03-30 10:47:15.199999999,11.87,32,10,31,30,3,Thursday,0,12.253333333316668,16.253333333316668
2023-03-30 10:31:00,2023-03-30 10:31:00,2023-03-30 10:43:34.400000000,12.19,32,10,31,30,3,Thursday,0,12.573333333333332,12.573333333333332
2023-03-30 10:31:00,2023-03-30 10:33:00,2023-03-30 10:42:10.400000000,8.79,32,10,31,30,3,Thursday,0,9.173333333333334,11.173333333333334
2023-03-30 10:31:00,2023-03-30 10:38:00,2023-03-30 10:39:24.800000000,1.03,32,10,31,30,3,Thursday,0,1.4133333333333333,8.413333333333334
2023-03-30 11:32:00,2023-03-30 11:32:00,2023-03-30 11:36:39.200000000,4.17,2,11,32,30,3,Thursday,0,4.653333333333333,4.653333333333333
2023-03-30 11:32:00,2023-03-30 11:32:00,2023-03-30 11:36:58.400000000,4.49,2,11,32,30,3,Thursday,0,4.973333333333333,4.973333333333333
2023-03-30 12:33:00,2023-03-30 12:33:00,2023-03-30 12:49:45.999999999,16.65,40,12,33,30,3,Thursday,0,16.76666666665,16.76666666665
2023-03-30 12:33:00,2023-03-30 12:35:00,2023-03-30 12:45:49.600000000,10.71,40,12,33,30,3,Thursday,0,10.826666666666666,12.826666666666666
2023-03-30 12:33:00,2023-03-30 12:39:00,2023-03-30 12:46:31.600000000,7.41,40,12,33,30,3,Thursday,0,7.526666666666667,13.526666666666667
2023-03-30 12:33:00,2023-03-30 12:43:00,2023-03-30 13:07:39.399999999,24.54,40,12,33,30,3,Thursday,0,24.65666666665,34.656666666650004
2023-03-30 12:33:00,2023-03-30 12:38:00,2023-03-30 12:52:29.199999999,14.37,40,12,33,30,3,Thursday,0,14.48666666665,19.486666666650002
2023-03-30 12:33:00,2023-03-30 12:40:00,2023-03-30 12:46:10.599999999,6.06,40,12,33,30,3,Thursday,0,6.176666666649999,13.17666666665
2023-03-30 12:33:00,2023-03-30 12:36:00,2023-03-30 12:40:23.200000000,4.27,40,12,33,30,3,Thursday,0,4.386666666666667,7.386666666666667
2023-03-30 12:33:00,2023-03-30 12:37:00,2023-03-30 12:37:46.600000000,0.66,40,12,33,30,3,Thursday,0,0.7766666666666667,4.776666666666667
2023-03-30 12:33:00,2023-03-30 12:43:00,2023-03-30 12:51:53.799999999,8.78,40,12,33,30,3,Thursday,0,8.896666666649999,18.89666666665
2023-03-30 12:33:00,2023-03-30 12:37:00,2023-03-30 12:44:00.400000000,6.89,40,12,33,30,3,Thursday,0,7.006666666666666,11.006666666666666
2023-03-30 12:33:00,2023-03-30 12:42:00,2023-03-30 12:52:08.800000000,10.03,40,12,33,30,3,Thursday,0,10.146666666666667,19.146666666666665
2023-03-30 12:33:00,2023-03-30 12:41:00,2023-03-30 12:57:34.000000000,16.45,40,12,33,30,3,Thursday,0,16.566666666666666,24.566666666666666
2023-03-30 12:33:00,2023-03-30 12:40:00,2023-03-30 12:49:16.000000000,9.15,40,12,33,30,3,Thursday,0,9.266666666666667,16.266666666666666
2023-03-30 12:33:00,2023-03-30 12:36:00,2023-03-30 12:46:44.800000000,10.63,40,12,33,30,3,Thursday,0,10.746666666666666,13.746666666666666
2023-03-30 12:33:00,2023-03-30 12:40:00,2023-03-30 12:59:03.400000000,18.94,40,12,33,30,3,Thursday,0,19.05666666666667,26.05666666666667
2023-03-30 12:33:00,2023-03-30 12:36:00,2023-03-30 12:46:46.600000000,10.66,40,12,33,30,3,Thursday,0,10.776666666666667,13.776666666666667
2023-03-30 12:33:00,2023-03-30 12:34:00,2023-03-30 12:49:01.000000000,14.9,40,12,33,30,3,Thursday,0,15.016666666666667,16.016666666666666
2023-03-30 12:33:00,2023-03-30 12:36:00,2023-03-30 12:48:37.600000000,12.51,40,12,33,30,3,Thursday,0,12.626666666666667,15.626666666666667
2023-03-30 12:33:00,2023-03-30 12:39:00,2023-03-30 12:46:11.800000000,7.08,40,12,33,30,3,Thursday,0,7.196666666666667,13.196666666666665
2023-03-30 12:33:00,2023-03-30 12:42:00,2023-03-30 12:47:44.200000000,5.62,40,12,33,30,3,Thursday,0,5.736666666666666,14.736666666666668
2023-03-30 12:33:00,2023-03-30 12:38:00,2023-03-30 12:58:21.399999999,20.24,40,12,33,30,3,Thursday,0,20.356666666650003,25.356666666650003
2023-03-30 12:33:00,2023-03-30 12:39:00,2023-03-30 12:45:09.400000000,6.04,40,12,33,30,3,Thursday,0,6.156666666666666,12.156666666666666
2023-03-30 12:33:00,2023-03-30 12:37:00,2023-03-30 12:43:38.200000000,6.52,40,12,33,30,3,Thursday,0,6.636666666666667,10.636666666666667
2023-03-30 12:33:00,2023-03-30 12:43:00,2023-03-30 12:48:21.400000000,5.24,40,12,33,30,3,Thursday,0,5.3566666666666665,15.356666666666666
2023-03-30 12:33:00,2023-03-30 12:38:00,2023-03-30 12:57:11.800000000,19.08,40,12,33,30,3,Thursday,0,19.196666666666665,24.196666666666665
2023-03-30 12:33:00,2023-03-30 12:34:00,2023-03-30 12:46:39.400000000,12.54,40,12,33,30,3,Thursday,0,12.656666666666666,13.656666666666666
2023-03-30 12:33:00,2023-03-30 12:35:00,2023-03-30 12:45:08.199999999,10.02,40,12,33,30,3,Thursday,0,10.136666666650001,12.136666666650001
2023-03-30 12:33:00,2023-03-30 12:40:00,2023-03-30 12:50:04.600000000,9.96,40,12,33,30,3,Thursday,0,10.076666666666666,17.076666666666664
2023-03-30 12:33:00,2023-03-30 12:33:00,2023-03-30 12:37:31.000000000,4.4,40,12,33,30,3,Thursday,0,4.516666666666667,4.516666666666667
2023-03-30 12:33:00,2023-03-30 12:34:00,2023-03-30 12:41:15.400000000,7.14,40,12,33,30,3,Thursday,0,7.256666666666666,8.256666666666666
2023-03-30 12:33:00,2023-03-30 12:43:00,2023-03-30 12:53:44.199999999,10.62,40,12,33,30,3,Thursday,0,10.73666666665,20.736666666650002
2023-03-30 12:33:00,2023-03-30 12:38:00,2023-03-30 12:49:13.000000000,11.1,40,12,33,30,3,Thursday,0,11.216666666666667,16.216666666666665
2023-03-30 12:33:00,2023-03-30 12:40:00,2023-03-30 12:51:38.800000000,11.53,40,12,33,30,3,Thursday,0,11.646666666666667,18.646666666666665
2023-03-30 12:33:00,2023-03-30 12:38:00,2023-03-30 12:45:08.800000000,7.03,40,12,33,30,3,Thursday,0,7.1466666666666665,12.146666666666667
2023-03-30 12:33:00,2023-03-30 12:43:00,2023-03-30 12:55:49.000000000,12.7,40,12,33,30,3,Thursday,0,12.816666666666666,22.816666666666666
2023-03-30 12:33:00,2023-03-30 12:37:00,2023-03-30 12:43:26.800000000,6.33,40,12,33,30,3,Thursday,0,6.446666666666667,10.446666666666665
2023-03-30 12:33:00,2023-03-30 12:40:00,2023-03-30 12:59:59.200000000,19.87,40,12,33,30,3,Thursday,0,19.986666666666668,26.986666666666668
2023-03-30 12:33:00,2023-03-30 12:37:00,2023-03-30 12:41:50.200000000,4.72,40,12,33,30,3,Thursday,0,4.836666666666667,8.836666666666668
2023-03-30 12:33:00,2023-03-30 12:43:00,2023-03-30 12:54:04.000000000,10.95,40,12,33,30,3,Thursday,0,11.066666666666666,21.066666666666666
2023-03-30 12:33:00,2023-03-30 12:43:00,2023-03-30 12:47:28.000000000,4.35,40,12,33,30,3,Thursday,0,4.466666666666667,14.466666666666667
2023-03-30 13:55:00,2023-03-30 13:55:00,2023-03-30 13:57:17.800000000,1.53,25,13,55,30,3,Thursday,0,2.296666666666667,2.296666666666667
2023-03-30 13:55:00,2023-03-30 14:03:00,2023-03-30 14:17:02.199999999,13.27,25,13,55,30,3,Thursday,0,14.036666666650001,22.03666666665
2023-03-30 13:55:00,2023-03-30 13:57:00,2023-03-30 14:10:25.000000000,12.65,25,13,55,30,3,Thursday,0,13.416666666666666,15.416666666666666
2023-03-30 13:55:00,2023-03-30 13:57:00,2023-03-30 14:12:24.400000000,14.64,25,13,55,30,3,Thursday,0,15.406666666666666,17.40666666666667
2023-03-30 13:55:00,2023-03-30 14:05:00,2023-03-30 14:14:08.199999999,8.37,25,13,55,30,3,Thursday,0,9.136666666650001,19.13666666665
2023-03-30 13:55:00,2023-03-30 13:58:00,2023-03-30 14:14:21.400000000,15.59,25,13,55,30,3,Thursday,0,16.356666666666666,19.35666666666667
2023-03-30 13:55:00,2023-03-30 13:57:00,2023-03-30 14:06:14.200000000,8.47,25,13,55,30,3,Thursday,0,9.236666666666668,11.236666666666668
2023-03-30 13:55:00,2023-03-30 13:59:00,2023-03-30 14:12:23.199999999,12.62,25,13,55,30,3,Thursday,0,13.386666666650001,17.38666666665
2023-03-30 13:55:00,2023-03-30 13:58:00,2023-03-30 14:06:46.000000000,8.0,25,13,55,30,3,Thursday,0,8.766666666666667,11.766666666666667
2023-03-30 13:55:00,2023-03-30 13:57:00,2023-03-30 14:08:47.199999999,11.02,25,13,55,30,3,Thursday,0,11.786666666650001,13.786666666650001
2023-03-30 13:55:00,2023-03-30 13:58:00,2023-03-30 14:11:01.600000000,12.26,25,13,55,30,3,Thursday,0,13.026666666666667,16.026666666666667
2023-03-30 13:55:00,2023-03-30 13:56:00,2023-03-30 14:07:29.800000000,10.73,25,13,55,30,3,Thursday,0,11.496666666666666,12.496666666666666
2023-03-30 13:55:00,2023-03-30 13:57:00,2023-03-30 14:02:13.600000000,4.46,25,13,55,30,3,Thursday,0,5.2266666666666675,7.2266666666666675
2023-03-30 13:55:00,2023-03-30 13:59:00,2023-03-30 14:13:24.400000000,13.64,25,13,55,30,3,Thursday,0,14.406666666666666,18.40666666666667
2023-03-30 13:55:00,2023-03-30 14:04:00,2023-03-30 14:12:14.800000000,7.48,25,13,55,30,3,Thursday,0,8.246666666666666,17.246666666666666
2023-03-30 13:55:00,2023-03-30 14:03:00,2023-03-30 14:17:57.400000000,14.19,25,13,55,30,3,Thursday,0,14.956666666666667,22.956666666666667
2023-03-30 13:55:00,2023-03-30 14:05:00,2023-03-30 14:10:41.799999999,4.93,25,13,55,30,3,Thursday,0,5.6966666666500005,15.69666666665
2023-03-30 13:55:00,2023-03-30 13:57:00,2023-03-30 14:14:53.200000000,17.12,25,13,55,30,3,Thursday,0,17.886666666666667,19.886666666666667
2023-03-30 13:55:00,2023-03-30 14:05:00,2023-03-30 14:11:39.400000000,5.89,25,13,55,30,3,Thursday,0,6.656666666666666,16.656666666666666
2023-03-30 13:55:00,2023-03-30 13:57:00,2023-03-30 14:07:27.400000000,9.69,25,13,55,30,3,Thursday,0,10.456666666666667,12.456666666666667
2023-03-30 13:55:00,2023-03-30 14:04:00,2023-03-30 14:10:32.200000000,5.77,25,13,55,30,3,Thursday,0,6.536666666666666,15.536666666666667
2023-03-30 13:55:00,2023-03-30 13:57:00,2023-03-30 14:09:03.400000000,11.29,25,13,55,30,3,Thursday,0,12.056666666666667,14.056666666666667
2023-03-30 13:55:00,2023-03-30 14:03:00,2023-03-30 14:15:31.000000000,11.75,25,13,55,30,3,Thursday,0,12.516666666666667,20.516666666666666
2023-03-30 13:55:00,2023-03-30 13:58:00,2023-03-30 14:07:15.400000000,8.49,25,13,55,30,3,Thursday,0,9.256666666666666,12.256666666666666
2023-03-30 13:55:00,2023-03-30 13:58:00,2023-03-30 14:10:35.800000000,11.83,25,13,55,30,3,Thursday,0,12.596666666666666,15.596666666666666
2023-03-30 14:12:00,2023-03-30 14:12:00,2023-03-30 14:32:00.800000000,19.48,17,14,12,30,3,Thursday,0,20.013333333333332,20.013333333333332
2023-03-30 14:12:00,2023-03-30 14:22:00,2023-03-30 14:39:19.400000000,16.79,17,14,12,30,3,Thursday,0,17.323333333333334,27.323333333333334
2023-03-30 14:12:00,2023-03-30 14:19:00,2023-03-30 14:30:53.599999999,11.36,17,14,12,30,3,Thursday,0,11.893333333316667,18.893333333316665
2023-03-30 14:12:00,2023-03-30 14:19:00,2023-03-30 14:39:29.000000000,19.95,17,14,12,30,3,Thursday,0,20.483333333333334,27.483333333333334
2023-03-30 14:12:00,2023-03-30 14:19:00,2023-03-30 14:32:25.400000000,12.89,17,14,12,30,3,Thursday,0,13.423333333333334,20.423333333333336
2023-03-30 14:12:00,2023-03-30 14:13:00,2023-03-30 14:27:32.600000000,14.01,17,14,12,30,3,Thursday,0,14.543333333333333,15.543333333333333
2023-03-30 14:12:00,2023-03-30 14:15:00,2023-03-30 14:27:56.600000000,12.41,17,14,12,30,3,Thursday,0,12.943333333333333,15.943333333333333
2023-03-30 14:12:00,2023-03-30 14:17:00,2023-03-30 14:23:08.600000000,5.61,17,14,12,30,3,Thursday,0,6.1433333333333335,11.143333333333334
2023-03-30 14:12:00,2023-03-30 14:16:00,2023-03-30 14:31:50.600000000,15.31,17,14,12,30,3,Thursday,0,15.843333333333334,19.84333333333333
2023-03-30 14:12:00,2023-03-30 14:15:00,2023-03-30 14:23:40.400000000,8.14,17,14,12,30,3,Thursday,0,8.673333333333334,11.673333333333334
2023-03-30 14:12:00,2023-03-30 14:16:00,2023-03-30 14:34:41.000000000,18.15,17,14,12,30,3,Thursday,0,18.683333333333334,22.683333333333334
2023-03-30 14:12:00,2023-03-30 14:22:00,2023-03-30 14:28:22.400000000,5.84,17,14,12,30,3,Thursday,0,6.373333333333333,16.37333333333333
2023-03-30 14:12:00,2023-03-30 14:15:00,2023-03-30 14:26:48.199999999,11.27,17,14,12,30,3,Thursday,0,11.803333333316667,14.803333333316667
2023-03-30 14:12:00,2023-03-30 14:17:00,2023-03-30 14:27:05.000000000,9.55,17,14,12,30,3,Thursday,0,10.083333333333334,15.083333333333334
2023-03-30 14:12:00,2023-03-30 14:16:00,2023-03-30 14:25:21.200000000,8.82,17,14,12,30,3,Thursday,0,9.353333333333333,13.353333333333333
2023-03-30 14:12:00,2023-03-30 14:18:00,2023-03-30 14:24:06.200000000,5.57,17,14,12,30,3,Thursday,0,6.1033333333333335,12.103333333333333
2023-03-30 14:12:00,2023-03-30 14:19:00,2023-03-30 14:29:26.000000000,9.9,17,14,12,30,3,Thursday,0,10.433333333333334,17.433333333333334
2023-03-30 15:45:00,2023-03-30 15:45:00,2023-03-30 15:55:36.400000000,9.79,25,15,45,30,3,Thursday,0,10.606666666666666,10.606666666666666
2023-03-30 15:45:00,2023-03-30 15:45:00,2023-03-30 15:52:15.400000000,6.44,25,15,45,30,3,Thursday,0,7.256666666666666,7.256666666666666
2023-03-30 15:45:00,2023-03-30 15:49:00,2023-03-30 16:03:56.800000000,14.13,25,15,45,30,3,Thursday,0,14.946666666666665,18.946666666666665
2023-03-30 15:45:00,2023-03-30 15:52:00,2023-03-30 16:07:46.000000000,14.95,25,15,45,30,3,Thursday,0,15.766666666666667,22.766666666666666
2023-03-30 15:45:00,2023-03-30 15:55:00,2023-03-30 16:03:16.600000000,7.46,25,15,45,30,3,Thursday,0,8.276666666666667,18.276666666666664
2023-03-30 15:45:00,2023-03-30 15:46:00,2023-03-30 15:53:09.400000000,6.34,25,15,45,30,3,Thursday,0,7.156666666666666,8.156666666666666
2023-03-30 15:45:00,2023-03-30 15:54:00,2023-03-30 16:06:53.800000000,12.08,25,15,45,30,3,Thursday,0,12.896666666666667,21.896666666666665
2023-03-30 15:45:00,2023-03-30 15:48:00,2023-03-30 16:04:30.400000000,15.69,25,15,45,30,3,Thursday,0,16.506666666666668,19.506666666666668
2023-03-30 15:45:00,2023-03-30 15:48:00,2023-03-30 16:11:06.399999999,22.29,25,15,45,30,3,Thursday,0,23.106666666650003,26.106666666650003
2023-03-30 15:45:00,2023-03-30 15:53:00,2023-03-30 16:02:50.199999999,9.02,25,15,45,30,3,Thursday,0,9.83666666665,17.83666666665
2023-03-30 15:45:00,2023-03-30 15:51:00,2023-03-30 16:10:25.600000000,18.61,25,15,45,30,3,Thursday,0,19.426666666666666,25.426666666666666
2023-03-30 15:45:00,2023-03-30 15:45:00,2023-03-30 15:59:17.800000000,13.48,25,15,45,30,3,Thursday,0,14.296666666666665,14.296666666666665
2023-03-30 15:45:00,2023-03-30 15:47:00,2023-03-30 16:00:38.800000000,12.83,25,15,45,30,3,Thursday,0,13.646666666666667,15.646666666666667
2023-03-30 15:45:00,2023-03-30 15:53:00,2023-03-30 16:03:34.000000000,9.75,25,15,45,30,3,Thursday,0,10.566666666666666,18.566666666666666
2023-03-30 15:45:00,2023-03-30 15:54:00,2023-03-30 15:58:28.600000000,3.66,25,15,45,30,3,Thursday,0,4.4766666666666675,13.476666666666667
2023-03-30 15:45:00,2023-03-30 15:53:00,2023-03-30 15:58:00.400000000,4.19,25,15,45,30,3,Thursday,0,5.006666666666666,13.006666666666666
2023-03-30 15:45:00,2023-03-30 15:49:00,2023-03-30 15:53:28.000000000,3.65,25,15,45,30,3,Thursday,0,4.466666666666667,8.466666666666667
2023-03-30 15:45:00,2023-03-30 15:49:00,2023-03-30 16:03:41.199999999,13.87,25,15,45,30,3,Thursday,0,14.686666666650002,18.68666666665
2023-03-30 15:45:00,2023-03-30 15:51:00,2023-03-30 15:53:13.000000000,1.4,25,15,45,30,3,Thursday,0,2.216666666666667,8.216666666666667
2023-03-30 15:45:00,2023-03-30 15:52:00,2023-03-30 16:07:22.600000000,14.56,25,15,45,30,3,Thursday,0,15.376666666666667,22.376666666666665
2023-03-30 15:45:00,2023-03-30 15:52:00,2023-03-30 16:08:41.800000000,15.88,25,15,45,30,3,Thursday,0,16.696666666666665,23.696666666666665
2023-03-30 15:45:00,2023-03-30 15:47:00,2023-03-30 15:56:31.600000000,8.71,25,15,45,30,3,Thursday,0,9.526666666666667,11.526666666666667
2023-03-30 15:45:00,2023-03-30 15:55:00,2023-03-30 16:04:31.600000000,8.71,25,15,45,30,3,Thursday,0,9.526666666666667,19.526666666666664
2023-03-30 15:45:00,2023-03-30 15:50:00,2023-03-30 15:48:12.400000000,-2.61,25,15,45,30,3,Thursday,0,-1.7933333333333332,3.2066666666666666
2023-03-30 15:45:00,2023-03-30 15:48:00,2023-03-30 15:53:22.000000000,4.55,25,15,45,30,3,Thursday,0,5.366666666666666,8.366666666666667
2023-03-30 16:45:00,2023-03-30 16:45:00,2023-03-30 16:52:38.000000000,7.5,27,16,45,30,3,Thursday,0,7.633333333333334,7.633333333333334
2023-03-30 16:45:00,2023-03-30 16:54:00,2023-03-30 17:11:31.400000000,17.39,27,16,45,30,3,Thursday,0,17.523333333333333,26.523333333333333
2023-03-30 16:45:00,2023-03-30 16:51:00,2023-03-30 16:56:32.000000000,5.4,27,16,45,30,3,Thursday,0,5.533333333333333,11.533333333333333
2023-03-30 16:45:00,2023-03-30 16:53:00,2023-03-30 16:50:12.200000000,-2.93,27,16,45,30,3,Thursday,0,-2.796666666666667,5.203333333333333
2023-03-30 16:45:00,2023-03-30 16:52:00,2023-03-30 17:05:27.200000000,13.32,27,16,45,30,3,Thursday,0,13.453333333333335,20.453333333333333
2023-03-30 16:45:00,2023-03-30 16:48:00,2023-03-30 17:06:10.399999999,18.04,27,16,45,30,3,Thursday,0,18.17333333331667,21.17333333331667
2023-03-30 16:45:00,2023-03-30 16:53:00,2023-03-30 16:51:37.400000000,-1.51,27,16,45,30,3,Thursday,0,-1.3766666666666665,6.623333333333333
2023-03-30 16:45:00,2023-03-30 16:45:00,2023-03-30 17:03:15.200000000,18.12,27,16,45,30,3,Thursday,0,18.253333333333334,18.253333333333334
2023-03-30 16:45:00,2023-03-30 16:55:00,2023-03-30 16:59:29.600000000,4.36,27,16,45,30,3,Thursday,0,4.493333333333334,14.493333333333334
2023-03-30 16:45:00,2023-03-30 16:46:00,2023-03-30 16:59:47.000000000,13.65,27,16,45,30,3,Thursday,0,13.783333333333333,14.783333333333333
2023-03-30 16:45:00,2023-03-30 16:47:00,2023-03-30 16:57:41.000000000,10.55,27,16,45,30,3,Thursday,0,10.683333333333334,12.683333333333334
2023-03-30 16:45:00,2023-03-30 16:48:00,2023-03-30 16:57:35.600000000,9.46,27,16,45,30,3,Thursday,0,9.593333333333334,12.593333333333334
2023-03-30 16:45:00,2023-03-30 16:50:00,2023-03-30 17:05:38.600000000,15.51,27,16,45,30,3,Thursday,0,15.643333333333334,20.64333333333333
2023-03-30 16:45:00,2023-03-30 16:50:00,2023-03-30 16:59:33.200000000,9.42,27,16,45,30,3,Thursday,0,9.553333333333335,14.553333333333335
2023-03-30 16:45:00,2023-03-30 16:55:00,2023-03-30 17:05:21.800000000,10.23,27,16,45,30,3,Thursday,0,10.363333333333333,20.363333333333333
2023-03-30 16:45:00,2023-03-30 16:49:00,2023-03-30 16:57:41.000000000,8.55,27,16,45,30,3,Thursday,0,8.683333333333334,12.683333333333334
2023-03-30 16:45:00,2023-03-30 16:45:00,2023-03-30 16:59:50.600000000,14.71,27,16,45,30,3,Thursday,0,14.843333333333334,14.843333333333334
2023-03-30 16:45:00,2023-03-30 16:45:00,2023-03-30 16:54:41.000000000,9.55,27,16,45,30,3,Thursday,0,9.683333333333334,9.683333333333334
2023-03-30 16:45:00,2023-03-30 16:53:00,2023-03-30 17:04:33.200000000,11.42,27,16,45,30,3,Thursday,0,11.553333333333335,19.553333333333335
2023-03-30 16:45:00,2023-03-30 16:53:00,2023-03-30 17:07:20.600000000,14.21,27,16,45,30,3,Thursday,0,14.343333333333334,22.34333333333333
2023-03-30 16:45:00,2023-03-30 16:54:00,2023-03-30 17:13:50.000000000,19.7,27,16,45,30,3,Thursday,0,19.833333333333332,28.833333333333332
2023-03-30 16:45:00,2023-03-30 16:45:00,2023-03-30 16:51:30.200000000,6.37,27,16,45,30,3,Thursday,0,6.503333333333333,6.503333333333333
2023-03-30 16:45:00,2023-03-30 16:50:00,2023-03-30 16:54:21.800000000,4.23,27,16,45,30,3,Thursday,0,4.363333333333333,9.363333333333333
2023-03-30 16:45:00,2023-03-30 16:45:00,2023-03-30 16:54:51.200000000,9.72,27,16,45,30,3,Thursday,0,9.853333333333333,9.853333333333333
2023-03-30 16:45:00,2023-03-30 16:50:00,2023-03-30 16:53:33.800000000,3.43,27,16,45,30,3,Thursday,0,3.5633333333333335,8.563333333333333
2023-03-30 16:45:00,2023-03-30 16:49:00,2023-03-30 16:59:53.000000000,10.75,27,16,45,30,3,Thursday,0,10.883333333333333,14.883333333333333
2023-03-30 16:45:00,2023-03-30 16:46:00,2023-03-30 16:48:47.000000000,2.65,27,16,45,30,3,Thursday,0,2.783333333333333,3.783333333333333
2023-03-30 17:34:00,2023-03-30 17:34:00,2023-03-30 17:47:26.000000000,12.55,16,17,34,30,3,Thursday,0,13.433333333333334,13.433333333333334
2023-03-30 17:34:00,2023-03-30 17:37:00,2023-03-30 17:49:18.800000000,11.43,16,17,34,30,3,Thursday,0,12.313333333333333,15.313333333333333
2023-03-30 17:34:00,2023-03-30 17:34:00,2023-03-30 17:51:12.200000000,16.32,16,17,34,30,3,Thursday,0,17.203333333333333,17.203333333333333
2023-03-30 17:34:00,2023-03-30 17:36:00,2023-03-30 17:51:18.800000000,14.43,16,17,34,30,3,Thursday,0,15.313333333333333,17.313333333333333
2023-03-30 17:34:00,2023-03-30 17:34:00,2023-03-30 17:43:35.600000000,8.71,16,17,34,30,3,Thursday,0,9.593333333333334,9.593333333333334
2023-03-30 17:34:00,2023-03-30 17:40:00,2023-03-30 17:58:08.000000000,17.25,16,17,34,30,3,Thursday,0,18.133333333333333,24.133333333333333
2023-03-30 17:34:00,2023-03-30 17:41:00,2023-03-30 17:45:27.200000000,3.57,16,17,34,30,3,Thursday,0,4.453333333333333,11.453333333333335
2023-03-30 17:34:00,2023-03-30 17:43:00,2023-03-30 17:54:59.599999999,11.11,16,17,34,30,3,Thursday,0,11.993333333316667,20.993333333316667
2023-03-30 17:34:00,2023-03-30 17:36:00,2023-03-30 17:48:13.400000000,11.34,16,17,34,30,3,Thursday,0,12.223333333333333,14.223333333333333
2023-03-30 17:34:00,2023-03-30 17:43:00,2023-03-30 17:51:59.599999999,8.11,16,17,34,30,3,Thursday,0,8.993333333316667,17.993333333316667
2023-03-30 17:34:00,2023-03-30 17:36:00,2023-03-30 17:46:44.599999999,9.86,16,17,34,30,3,Thursday,0,10.743333333316667,12.743333333316667
2023-03-30 17:34:00,2023-03-30 17:38:00,2023-03-30 17:39:58.400000000,1.09,16,17,34,30,3,Thursday,0,1.9733333333333334,5.973333333333333
2023-03-30 17:34:00,2023-03-30 17:43:00,2023-03-30 17:43:08.600000000,-0.74,16,17,34,30,3,Thursday,0,0.14333333333333334,9.143333333333334
2023-03-30 17:34:00,2023-03-30 17:40:00,2023-03-30 17:45:43.400000000,4.84,16,17,34,30,3,Thursday,0,5.723333333333333,11.723333333333333
2023-03-30 17:34:00,2023-03-30 17:37:00,2023-03-30 17:52:49.400000000,14.94,16,17,34,30,3,Thursday,0,15.823333333333332,18.823333333333334
2023-03-30 17:34:00,2023-03-30 17:42:00,2023-03-30 17:53:02.600000000,10.16,16,17,34,30,3,Thursday,0,11.043333333333333,19.043333333333333
2023-03-30 18:31:00,2023-03-30 18:31:00,2023-03-30 18:41:58.800000000,10.58,30,18,31,30,3,Thursday,0,10.979999999999999,10.979999999999999
2023-03-30 18:31:00,2023-03-30 18:32:00,2023-03-30 18:46:47.400000000,14.39,30,18,31,30,3,Thursday,0,14.79,15.79
2023-03-30 18:31:00,2023-03-30 18:35:00,2023-03-30 18:42:41.400000000,7.29,30,18,31,30,3,Thursday,0,7.6899999999999995,11.69
2023-03-30 18:31:00,2023-03-30 18:31:00,2023-03-30 18:41:57.600000000,10.56,30,18,31,30,3,Thursday,0,10.96,10.96
2023-03-30 18:31:00,2023-03-30 18:36:00,2023-03-30 18:41:33.000000000,5.15,30,18,31,30,3,Thursday,0,5.55,10.55
2023-03-30 18:31:00,2023-03-30 18:33:00,2023-03-30 18:44:40.800000000,11.28,30,18,31,30,3,Thursday,0,11.68,13.68
2023-03-30 18:31:00,2023-03-30 18:34:00,2023-03-30 18:48:10.199999999,13.77,30,18,31,30,3,Thursday,0,14.169999999983334,17.169999999983336
2023-03-30 18:31:00,2023-03-30 18:39:00,2023-03-30 18:56:14.400000000,16.84,30,18,31,30,3,Thursday,0,17.240000000000002,25.240000000000002
2023-03-30 18:31:00,2023-03-30 18:38:00,2023-03-30 18:47:10.199999999,8.77,30,18,31,30,3,Thursday,0,9.169999999983334,16.169999999983336
2023-03-30 18:31:00,2023-03-30 18:40:00,2023-03-30 18:53:51.600000000,13.46,30,18,31,30,3,Thursday,0,13.860000000000001,22.86
2023-03-30 18:31:00,2023-03-30 18:35:00,2023-03-30 18:51:09.600000000,15.76,30,18,31,30,3,Thursday,0,16.16,20.16
2023-03-30 18:31:00,2023-03-30 18:31:00,2023-03-30 18:46:37.800000000,15.23,30,18,31,30,3,Thursday,0,15.629999999999999,15.629999999999999
2023-03-30 18:31:00,2023-03-30 18:34:00,2023-03-30 18:47:57.600000000,13.56,30,18,31,30,3,Thursday,0,13.96,16.96
2023-03-30 18:31:00,2023-03-30 18:40:00,2023-03-30 18:50:31.800000000,10.13,30,18,31,30,3,Thursday,0,10.53,19.529999999999998
2023-03-30 18:31:00,2023-03-30 18:39:00,2023-03-30 18:43:45.600000000,4.36,30,18,31,30,3,Thursday,0,4.760000000000001,12.76
2023-03-30 18:31:00,2023-03-30 18:32:00,2023-03-30 18:45:27.600000000,13.06,30,18,31,30,3,Thursday,0,13.46,14.46
2023-03-30 18:31:00,2023-03-30 18:34:00,2023-03-30 18:46:36.000000000,12.2,30,18,31,30,3,Thursday,0,12.6,15.6
2023-03-30 18:31:00,2023-03-30 18:40:00,2023-03-30 18:54:00.000000000,13.6,30,18,31,30,3,Thursday,0,14.0,23.0
2023-03-30 18:31:00,2023-03-30 18:35:00,2023-03-30 18:55:15.600000000,19.86,30,18,31,30,3,Thursday,0,20.259999999999998,24.259999999999998
2023-03-30 18:31:00,2023-03-30 18:37:00,2023-03-30 18:43:46.800000000,6.38,30,18,31,30,3,Thursday,0,6.78,12.78
2023-03-30 18:31:00,2023-03-30 18:34:00,2023-03-30 18:36:13.200000000,1.82,30,18,31,30,3,Thursday,0,2.2199999999999998,5.22
2023-03-30 18:31:00,2023-03-30 18:32:00,2023-03-30 18:38:27.000000000,6.05,30,18,31,30,3,Thursday,0,6.45,7.45
2023-03-30 18:31:00,2023-03-30 18:37:00,2023-03-30 18:50:07.200000000,12.72,30,18,31,30,3,Thursday,0,13.120000000000001,19.12
2023-03-30 18:31:00,2023-03-30 18:41:00,2023-03-30 18:56:00.599999999,14.61,30,18,31,30,3,Thursday,0,15.009999999983334,25.009999999983332
2023-03-30 18:31:00,2023-03-30 18:32:00,2023-03-30 18:31:24.000000000,-1.0,30,18,31,30,3,Thursday,0,-0.6,0.4
2023-03-30 18:31:00,2023-03-30 18:31:00,2023-03-30 18:34:27.000000000,3.05,30,18,31,30,3,Thursday,0,3.45,3.45
2023-03-30 18:31:00,2023-03-30 18:36:00,2023-03-30 18:58:00.600000000,21.61,30,18,31,30,3,Thursday,0,22.009999999999998,27.009999999999998
2023-03-30 18:31:00,2023-03-30 18:37:00,2023-03-30 18:49:27.000000000,12.05,30,18,31,30,3,Thursday,0,12.45,18.45
2023-03-30 18:31:00,2023-03-30 18:34:00,2023-03-30 18:49:48.000000000,15.4,30,18,31,30,3,Thursday,0,15.8,18.8
2023-03-30 18:31:00,2023-03-30 18:33:00,2023-03-30 18:40:14.400000000,6.84,30,18,31,30,3,Thursday,0,7.239999999999999,9.24
2023-03-30 19:51:00,2023-03-30 19:51:00,2023-03-30 20:00:39.400000000,9.49,12,19,51,30,3,Thursday,0,9.656666666666666,9.656666666666666
2023-03-30 19:51:00,2023-03-30 19:57:00,2023-03-30 20:13:29.200000000,16.32,12,19,51,30,3,Thursday,0,16.486666666666668,22.486666666666668
2023-03-30 19:51:00,2023-03-30 19:53:00,2023-03-30 20:05:05.800000000,11.93,12,19,51,30,3,Thursday,0,12.096666666666666,14.096666666666666
2023-03-30 19:51:00,2023-03-30 19:52:00,2023-03-30 20:01:13.600000000,9.06,12,19,51,30,3,Thursday,0,9.226666666666667,10.226666666666667
2023-03-30 19:51:00,2023-03-30 19:57:00,2023-03-30 20:10:29.800000000,13.33,12,19,51,30,3,Thursday,0,13.496666666666666,19.496666666666666
2023-03-30 19:51:00,2023-03-30 19:57:00,2023-03-30 20:07:34.600000000,10.41,12,19,51,30,3,Thursday,0,10.576666666666666,16.576666666666668
2023-03-30 19:51:00,2023-03-30 19:59:00,2023-03-30 20:16:43.599999999,17.56,12,19,51,30,3,Thursday,0,17.726666666649997,25.726666666649997
2023-03-30 19:51:00,2023-03-30 19:56:00,2023-03-30 20:10:28.600000000,14.31,12,19,51,30,3,Thursday,0,14.476666666666667,19.476666666666667
2023-03-30 19:51:00,2023-03-30 19:51:00,2023-03-30 20:02:42.400000000,11.54,12,19,51,30,3,Thursday,0,11.706666666666667,11.706666666666667
2023-03-30 19:51:00,2023-03-30 19:55:00,2023-03-30 19:59:34.000000000,4.4,12,19,51,30,3,Thursday,0,4.566666666666666,8.566666666666666
2023-03-30 19:51:00,2023-03-30 20:00:00,2023-03-30 20:17:22.000000000,17.2,12,19,51,30,3,Thursday,0,17.366666666666667,26.366666666666667
2023-03-30 19:51:00,2023-03-30 20:00:00,2023-03-30 20:14:59.800000000,14.83,12,19,51,30,3,Thursday,0,14.996666666666666,23.996666666666666
2023-03-30 20:49:00,2023-03-30 20:49:00,2023-03-30 20:56:26.000000000,6.5,22,20,49,30,3,Thursday,0,7.433333333333334,7.433333333333334
2023-03-30 20:49:00,2023-03-30 20:56:00,2023-03-30 20:57:38.000000000,0.7,22,20,49,30,3,Thursday,0,1.6333333333333333,8.633333333333333
2023-03-30 20:49:00,2023-03-30 20:58:00,2023-03-30 21:08:18.800000000,9.38,22,20,49,30,3,Thursday,0,10.313333333333333,19.313333333333333
2023-03-30 20:49:00,2023-03-30 20:59:00,2023-03-30 21:08:18.199999999,8.37,22,20,49,30,3,Thursday,0,9.303333333316667,19.30333333331667
2023-03-30 20:49:00,2023-03-30 20:50:00,2023-03-30 20:59:22.999999999,8.45,22,20,49,30,3,Thursday,0,9.383333333316667,10.383333333316667
2023-03-30 20:49:00,2023-03-30 20:53:00,2023-03-30 21:12:48.200000000,18.87,22,20,49,30,3,Thursday,0,19.803333333333335,23.803333333333335
2023-03-30 20:49:00,2023-03-30 20:54:00,2023-03-30 21:09:51.200000000,14.92,22,20,49,30,3,Thursday,0,15.853333333333333,20.853333333333335
2023-03-30 20:49:00,2023-03-30 20:59:00,2023-03-30 21:15:10.400000000,15.24,22,20,49,30,3,Thursday,0,16.173333333333332,26.173333333333336
2023-03-30 20:49:00,2023-03-30 20:50:00,2023-03-30 20:58:30.800000000,7.58,22,20,49,30,3,Thursday,0,8.513333333333334,9.513333333333332
2023-03-30 20:49:00,2023-03-30 20:54:00,2023-03-30 21:07:36.800000000,12.68,22,20,49,30,3,Thursday,0,13.613333333333333,18.613333333333333
2023-03-30 20:49:00,2023-03-30 20:57:00,2023-03-30 21:06:48.199999999,8.87,22,20,49,30,3,Thursday,0,9.803333333316667,17.80333333331667
2023-03-30 20:49:00,2023-03-30 20:50:00,2023-03-30 21:01:18.199999999,10.37,22,20,49,30,3,Thursday,0,11.303333333316667,12.303333333316667
2023-03-30 20:49:00,2023-03-30 20:59:00,2023-03-30 21:19:03.800000000,19.13,22,20,49,30,3,Thursday,0,20.063333333333333,30.063333333333333
2023-03-30 20:49:00,2023-03-30 20:59:00,2023-03-30 21:12:42.800000000,12.78,22,20,49,30,3,Thursday,0,13.713333333333333,23.71333333333333
2023-03-30 20:49:00,2023-03-30 20:50:00,2023-03-30 21:03:21.800000000,12.43,22,20,49,30,3,Thursday,0,13.363333333333333,14.363333333333333
2023-03-30 20:49:00,2023-03-30 20:58:00,2023-03-30 21:08:56.600000000,10.01,22,20,49,30,3,Thursday,0,10.943333333333333,19.94333333333333
2023-03-30 20:49:00,2023-03-30 20:59:00,2023-03-30 21:05:38.000000000,5.7,22,20,49,30,3,Thursday,0,6.633333333333334,16.633333333333333
2023-03-30 20:49:00,2023-03-30 20:52:00,2023-03-30 21:04:13.400000000,11.29,22,20,49,30,3,Thursday,0,12.223333333333333,15.223333333333333
2023-03-30 20:49:00,2023-03-30 20:57:00,2023-03-30 21:07:11.600000000,9.26,22,20,49,30,3,Thursday,0,10.193333333333333,18.19333333333333
2023-03-30 20:49:00,2023-03-30 20:51:00,2023-03-30 21:04:48.199999999,12.87,22,20,49,30,3,Thursday,0,13.803333333316667,15.803333333316667
2023-03-30 20:49:00,2023-03-30 20:59:00,2023-03-30 21:02:36.800000000,2.68,22,20,49,30,3,Thursday,0,3.6133333333333337,13.613333333333333
2023-03-30 20:49:00,2023-03-30 20:49:00,2023-03-30 21:10:51.800000000,20.93,22,20,49,30,3,Thursday,0,21.863333333333333,21.863333333333333
2023-03-30 21:09:00,2023-03-30 21:09:00,2023-03-30 21:20:08.400000000,10.29,44,21,9,30,3,Thursday,0,11.139999999999999,11.139999999999999
2023-03-30 21:09:00,2023-03-30 21:12:00,2023-03-30 21:34:46.800000000,21.93,44,21,9,30,3,Thursday,0,22.779999999999998,25.779999999999998
2023-03-30 21:09:00,2023-03-30 21:11:00,2023-03-30 21:15:36.000000000,3.75,44,21,9,30,3,Thursday,0,4.6,6.6
2023-03-30 21:09:00,2023-03-30 21:18:00,2023-03-30 21:27:10.800000000,8.33,44,21,9,30,3,Thursday,0,9.18,18.18
2023-03-30 21:09:00,2023-03-30 21:12:00,2023-03-30 21:15:07.199999999,2.27,44,21,9,30,3,Thursday,0,3.1199999999833334,6.119999999983333
2023-03-30 21:09:00,2023-03-30 21:18:00,2023-03-30 21:25:12.600000000,6.36,44,21,9,30,3,Thursday,0,7.21,16.21
2023-03-30 21:09:00,2023-03-30 21:09:00,2023-03-30 21:17:24.599999999,7.56,44,21,9,30,3,Thursday,0,8.409999999983333,8.409999999983333
2023-03-30 21:09:00,2023-03-30 21:13:00,2023-03-30 21:28:34.800000000,14.73,44,21,9,30,3,Thursday,0,15.58,19.58
2023-03-30 21:09:00,2023-03-30 21:13:00,2023-03-30 21:26:19.200000000,12.47,44,21,9,30,3,Thursday,0,13.32,17.32
2023-03-30 21:09:00,2023-03-30 21:13:00,2023-03-30 21:19:10.800000000,5.33,44,21,9,30,3,Thursday,0,6.180000000000001,10.18
2023-03-30 21:09:00,2023-03-30 21:13:00,2023-03-30 21:15:24.000000000,1.55,44,21,9,30,3,Thursday,0,2.4,6.4
2023-03-30 21:09:00,2023-03-30 21:15:00,2023-03-30 21:25:03.000000000,9.2,44,21,9,30,3,Thursday,0,10.05,16.05
2023-03-30 21:09:00,2023-03-30 21:10:00,2023-03-30 21:21:51.000000000,11.0,44,21,9,30,3,Thursday,0,11.85,12.85
2023-03-30 21:09:00,2023-03-30 21:13:00,2023-03-30 21:19:25.800000000,5.58,44,21,9,30,3,Thursday,0,6.430000000000001,10.43
2023-03-30 21:09:00,2023-03-30 21:19:00,2023-03-30 21:33:13.800000000,13.38,44,21,9,30,3,Thursday,0,14.229999999999999,24.23
2023-03-30 21:09:00,2023-03-30 21:13:00,2023-03-30 21:22:06.599999999,8.26,44,21,9,30,3,Thursday,0,9.109999999983334,13.109999999983334
2023-03-30 21:09:00,2023-03-30 21:12:00,2023-03-30 21:14:43.200000000,1.87,44,21,9,30,3,Thursday,0,2.7199999999999998,5.72
2023-03-30 21:09:00,2023-03-30 21:09:00,2023-03-30 21:20:18.600000000,10.46,44,21,9,30,3,Thursday,0,11.31,11.31
2023-03-30 21:09:00,2023-03-30 21:14:00,2023-03-30 21:24:12.000000000,9.35,44,21,9,30,3,Thursday,0,10.2,15.2
2023-03-30 21:09:00,2023-03-30 21:09:00,2023-03-30 21:26:28.800000000,16.63,44,21,9,30,3,Thursday,0,17.48,17.48
2023-03-30 21:09:00,2023-03-30 21:16:00,2023-03-30 21:23:32.400000000,6.69,44,21,9,30,3,Thursday,0,7.54,14.54
2023-03-30 21:09:00,2023-03-30 21:13:00,2023-03-30 21:25:55.200000000,12.07,44,21,9,30,3,Thursday,0,12.92,16.92
2023-03-30 21:09:00,2023-03-30 21:09:00,2023-03-30 21:19:54.600000000,10.06,44,21,9,30,3,Thursday,0,10.91,10.91
2023-03-30 21:09:00,2023-03-30 21:14:00,2023-03-30 21:31:15.600000000,16.41,44,21,9,30,3,Thursday,0,17.259999999999998,22.259999999999998
2023-03-30 21:09:00,2023-03-30 21:10:00,2023-03-30 21:13:16.200000000,2.42,44,21,9,30,3,Thursday,0,3.27,4.27
2023-03-30 21:09:00,2023-03-30 21:18:00,2023-03-30 21:29:05.400000000,10.24,44,21,9,30,3,Thursday,0,11.09,20.09
2023-03-30 21:09:00,2023-03-30 21:12:00,2023-03-30 21:25:58.800000000,13.13,44,21,9,30,3,Thursday,0,13.979999999999999,16.98
2023-03-30 21:09:00,2023-03-30 21:19:00,2023-03-30 21:30:55.200000000,11.07,44,21,9,30,3,Thursday,0,11.92,21.92
2023-03-30 21:09:00,2023-03-30 21:15:00,2023-03-30 21:29:37.199999999,13.77,44,21,9,30,3,Thursday,0,14.619999999983333,20.619999999983335
2023-03-30 21:09:00,2023-03-30 21:14:00,2023-03-30 21:17:53.400000000,3.04,44,21,9,30,3,Thursday,0,3.89,8.889999999999999
2023-03-30 21:09:00,2023-03-30 21:10:00,2023-03-30 21:25:54.600000000,15.06,44,21,9,30,3,Thursday,0,15.91,16.91
2023-03-30 21:09:00,2023-03-30 21:19:00,2023-03-30 21:22:20.400000000,2.49,44,21,9,30,3,Thursday,0,3.3400000000000003,13.34
2023-03-30 21:09:00,2023-03-30 21:09:00,2023-03-30 21:17:12.000000000,7.35,44,21,9,30,3,Thursday,0,8.2,8.2
2023-03-30 21:09:00,2023-03-30 21:14:00,2023-03-30 21:26:04.800000000,11.23,44,21,9,30,3,Thursday,0,12.08,17.08
2023-03-30 21:09:00,2023-03-30 21:11:00,2023-03-30 21:19:51.599999999,8.01,44,21,9,30,3,Thursday,0,8.859999999983334,10.859999999983334
2023-03-30 21:09:00,2023-03-30 21:13:00,2023-03-30 21:28:35.400000000,14.74,44,21,9,30,3,Thursday,0,15.59,19.59
2023-03-30 21:09:00,2023-03-30 21:15:00,2023-03-30 21:25:13.800000000,9.38,44,21,9,30,3,Thursday,0,10.229999999999999,16.23
2023-03-30 21:09:00,2023-03-30 21:17:00,2023-03-30 21:25:57.000000000,8.1,44,21,9,30,3,Thursday,0,8.95,16.95
2023-03-30 21:09:00,2023-03-30 21:19:00,2023-03-30 21:29:56.400000000,10.09,44,21,9,30,3,Thursday,0,10.94,20.94
2023-03-30 21:09:00,2023-03-30 21:15:00,2023-03-30 21:29:53.400000000,14.04,44,21,9,30,3,Thursday,0,14.889999999999999,20.89
2023-03-30 21:09:00,2023-03-30 21:19:00,2023-03-30 21:25:28.800000000,5.63,44,21,9,30,3,Thursday,0,6.48,16.48
2023-03-30 21:09:00,2023-03-30 21:18:00,2023-03-30 21:23:42.600000000,4.86,44,21,9,30,3,Thursday,0,5.71,14.71
2023-03-30 21:09:00,2023-03-30 21:10:00,2023-03-30 21:16:17.400000000,5.44,44,21,9,30,3,Thursday,0,6.29,7.29
2023-03-30 22:00:00,2023-03-30 22:00:00,2023-03-30 22:01:59.200000000,1.82,12,22,0,30,3,Thursday,0,1.9866666666666668,1.9866666666666668
2023-03-30 22:00:00,2023-03-30 22:06:00,2023-03-30 22:05:45.400000001,-0.41,12,22,0,30,3,Thursday,0,-0.24333333331666665,5.7566666666833335
2023-03-30 22:00:00,2023-03-30 22:06:00,2023-03-30 22:23:00.400000000,16.84,12,22,0,30,3,Thursday,0,17.006666666666668,23.006666666666668
2023-03-30 22:00:00,2023-03-30 22:06:00,2023-03-30 22:24:42.399999999,18.54,12,22,0,30,3,Thursday,0,18.70666666665,24.70666666665
2023-03-30 22:00:00,2023-03-30 22:07:00,2023-03-30 22:18:54.400000000,11.74,12,22,0,30,3,Thursday,0,11.906666666666666,18.90666666666667
2023-03-30 22:00:00,2023-03-30 22:00:00,2023-03-30 22:10:19.600000000,10.16,12,22,0,30,3,Thursday,0,10.326666666666666,10.326666666666666
2023-03-30 22:00:00,2023-03-30 22:10:00,2023-03-30 22:17:46.000000000,7.6,12,22,0,30,3,Thursday,0,7.766666666666667,17.766666666666666
2023-03-30 22:00:00,2023-03-30 22:06:00,2023-03-30 22:12:17.800000000,6.13,12,22,0,30,3,Thursday,0,6.296666666666667,12.296666666666665
2023-03-30 22:00:00,2023-03-30 22:04:00,2023-03-30 22:16:50.800000000,12.68,12,22,0,30,3,Thursday,0,12.846666666666666,16.846666666666668
2023-03-30 22:00:00,2023-03-30 22:02:00,2023-03-30 22:16:59.800000000,14.83,12,22,0,30,3,Thursday,0,14.996666666666666,16.996666666666666
2023-03-30 22:00:00,2023-03-30 22:10:00,2023-03-30 22:13:56.200000000,3.77,12,22,0,30,3,Thursday,0,3.9366666666666665,13.936666666666667
2023-03-30 22:00:00,2023-03-30 22:00:00,2023-03-30 22:05:35.799999999,5.43,12,22,0,30,3,Thursday,0,5.59666666665,5.59666666665
2023-03-30 23:54:00,2023-03-30 23:54:00,2023-03-31 00:00:42.400000000,5.74,2,23,54,30,3,Thursday,0,6.706666666666666,6.706666666666666
2023-03-30 23:54:00,2023-03-30 23:58:00,2023-03-31 00:17:23.200000000,18.42,2,23,54,30,3,Thursday,0,19.386666666666667,23.386666666666667
